brand_model,level,listings,pages_read,complete,bumped,newest_sorted_at,oldest_sorted_at
ROOT,all,264,11,false,88,2026-09-29T13:32:02.449Z,2026-09-29T13:03:06.855Z
Arisan Arisun 2,model,240,10,false,128,2026-09-29T13:44:41.917Z,2026-09-22T04:35:04.776Z
BAC X3 PRO,model,240,10,false,140,2026-09-29T13:36:35.761Z,2026-09-21T09:18:31.006Z
Changan CS 55,model,240,10,false,128,2026-09-29T13:49:48.464Z,2026-09-16T06:59:08.601Z
Chery Arrizo 5,model,240,10,false,72,2026-09-29T13:43:16.110Z,2026-09-15T07:42:14.475Z
Chery Tiggo 5,model,240,10,false,42,2026-09-29T12:33:12.002Z,2026-08-31T06:47:13.210Z
Citroen Xantia,model,240,10,false,57,2026-09-29T14:13:43.337Z,2026-09-09T17:20:48.427Z
Dena plus,model,240,10,false,157,2026-09-29T14:27:28.323Z,2026-09-29T07:40:48.656Z
Dignity Prime,model,240,10,false,66,2026-09-29T14:15:26.038Z,2026-09-06T13:59:08.317Z
Dongfeng H30,model,240,10,false,70,2026-09-29T14:03:30.748Z,2026-09-18T18:19:19.532Z
Iran Khodro RIRA 1.7L Turbo,model,240,10,false,154,2026-09-29T13:39:32.388Z,2026-09-23T04:54:50.093Z
JAC J4,model,240,10,false,120,2026-09-29T13:47:47.454Z,2026-09-24T08:43:34.134Z
JAC S5,model,240,10,false,71,2026-09-29T13:50:36.811Z,2026-09-21T08:47:19.248Z
MVM 110,model,240,10,false,64,2026-09-29T13:27:16.047Z,2026-09-16T09:58:35.845Z
MVM 315 hatchback,model,240,10,false,70,2026-09-29T12:01:20.868Z,2026-09-08T13:21:47.913Z
MVM X22,model,240,10,false,89,2026-09-29T13:30:47.293Z,2026-09-25T12:14:47.648Z
MVM X22pro,model,240,10,false,88,2026-09-29T13:30:47.293Z,2026-09-21T10:27:46.677Z
MVM X33,model,240,10,false,109,2026-09-29T13:30:41.695Z,2026-09-26T09:24:04.573Z
MVM X55,model,240,10,false,99,2026-09-29T13:42:21.335Z,2026-09-17T08:24:03.529Z
Mercedes-Benz C Class,model,240,10,false,85,2026-09-29T13:18:24.155Z,2026-09-16T19:41:42.549Z
Paykan Pickup,model,240,10,false,59,2026-09-29T13:41:43.067Z,2026-09-23T09:54:39.180Z
Peugeot 206,model,240,10,false,81,2026-09-29T14:10:37.196Z,2026-09-29T09:52:25.209Z
Peugeot 207i,model,240,10,false,118,2026-09-29T14:11:03.830Z,2026-09-29T09:49:14.907Z
Peugeot 405,model,240,10,false,54,2026-09-29T14:04:46.409Z,2026-09-28T06:32:24.112Z
Peugeot Pars,model,240,10,false,75,2026-09-29T14:01:54.040Z,2026-09-29T06:15:22.496Z
Pride 111,model,240,10,false,61,2026-09-29T14:00:59.769Z,2026-09-16T07:37:34.826Z
Pride 131,model,240,10,false,73,2026-09-29T14:08:08.152Z,2026-09-28T06:33:50.349Z
Pride Pickup,model,240,10,false,124,2026-09-29T13:54:29.187Z,2026-09-27T03:32:04.993Z
Pride Saba GLXI,model,240,10,false,54,2026-09-29T14:04:54.430Z,2026-09-23T13:28:50.154Z
Pride Sedan,model,240,10,false,65,2026-09-29T14:05:29.296Z,2026-09-27T10:46:17.402Z
Renault Megan,model,240,10,false,74,2026-09-29T14:26:39.071Z,2026-09-06T07:18:23.405Z
Renault Sandero,model,240,10,false,72,2026-09-29T14:12:04.607Z,2026-09-16T07:37:39.769Z
Renault Tondar 90,model,240,10,false,81,2026-09-29T14:28:53.280Z,2026-09-27T10:21:37.353Z
Respect RESPECT II,model,240,10,false,145,2026-09-29T13:22:48.202Z,2026-09-21T16:14:19.866Z
Runna Plus TU5P,model,240,10,false,178,2026-09-29T14:22:40.833Z,2026-09-22T13:44:07.007Z
Saina manual,model,240,10,false,133,2026-09-29T14:29:53.117Z,2026-09-27T19:08:39.946Z
Saipa Atlas G,model,240,10,false,173,2026-09-29T14:26:30.144Z,2026-09-26T07:58:26.129Z
Samand LX,model,240,10,false,76,2026-09-29T14:35:20.588Z,2026-09-27T15:54:26.432Z
Samand Soren,model,240,10,false,182,2026-09-29T14:36:37.244Z,2026-09-29T05:43:57.201Z
Samand X7,model,240,10,false,51,2026-09-29T14:32:56.171Z,2026-09-14T06:37:41.527Z
Shahin G-normal,model,240,10,false,134,2026-09-29T14:14:28.292Z,2026-09-22T18:06:36.571Z
Tara Manual,model,240,10,false,120,2026-09-29T13:56:39.590Z,2026-09-15T09:57:45.895Z
Tiba Hatchback,model,240,10,false,57,2026-09-29T14:16:10.507Z,2026-09-20T07:18:07.820Z
Tiba Sedan,model,240,10,false,51,2026-09-29T13:51:57.465Z,2026-09-16T08:08:04.357Z
Tigard Tissan S05 1.5L Turbo,model,240,10,false,171,2026-09-29T13:50:27.875Z,2026-09-20T06:26:54.437Z
Toyota Camry,model,240,10,false,95,2026-09-29T14:13:02.529Z,2026-09-23T05:56:47.436Z
Toyota Corolla,model,240,10,false,160,2026-09-29T14:01:27.018Z,2026-09-28T15:19:22.411Z
Toyota Landcruiser 4door,model,240,10,false,70,2026-09-29T12:55:59.739Z,2026-09-07T19:12:56.000Z
Zamyad Z 24,model,240,10,false,113,2026-09-29T13:28:01.189Z,2026-09-26T07:35:08.248Z
other,brand,240,10,false,84,2026-09-29T12:45:21.168Z,2026-09-11T04:43:28.241Z
BMW 5 Series Sedan,model,239,10,false,66,2026-09-29T13:40:57.065Z,2026-09-12T13:33:35.975Z
JAC S3,model,239,10,false,51,2026-09-29T14:10:13.074Z,2026-09-05T18:42:27.236Z
Runna Plus-normal,model,239,10,false,125,2026-09-29T14:06:59.734Z,2026-09-08T06:01:41.251Z
Saipa Sahand,model,239,10,false,155,2026-09-29T14:10:00.875Z,2026-09-14T08:38:37.749Z
Tara V1 plus,model,239,10,false,170,2026-09-29T14:14:50.872Z,2026-09-23T07:08:05.460Z
Tara v4,model,239,10,false,161,2026-09-29T13:07:05.381Z,2026-09-26T11:26:25.020Z
MVM X77,model,235,10,true,121,2026-09-29T13:47:43.310Z,2026-07-14T07:33:46.250Z
Shahin Plus,model,231,10,true,133,2026-09-29T13:38:15.731Z,2026-07-11T09:03:32.731Z
Changan Uni-T,model,226,10,true,142,2026-09-29T12:56:49.032Z,2026-08-02T06:19:40.713Z
Shahin GL,model,221,10,true,118,2026-09-29T14:27:34.269Z,2026-08-25T19:08:17.902Z
Toyota Frontlander Hybrid,model,221,10,true,100,2026-09-29T14:11:51.269Z,2026-07-11T13:18:08.488Z
Shahin G CVT,model,220,10,true,90,2026-09-29T13:39:13.207Z,2026-08-30T16:40:55.394Z
Fidelity Elite,model,216,9,false,142,2026-09-29T14:36:13.850Z,2026-09-24T09:14:55.124Z
Fidelity Prestige 7 seater,model,216,9,false,111,2026-09-29T13:22:43.103Z,2026-06-13T07:13:21.486Z
Fidelity Prime,model,216,9,false,81,2026-09-29T14:42:33.731Z,2026-09-20T07:37:46.569Z
Fownix ARIZO 6 GT,model,216,9,false,104,2026-09-29T14:34:05.257Z,2026-09-21T07:15:12.350Z
Fownix ARIZO 8,model,216,9,false,89,2026-09-29T13:34:33.103Z,2026-09-17T05:13:27.179Z
Fownix Arrizo 6 pro,model,216,9,false,69,2026-09-29T13:00:10.843Z,2026-09-09T10:18:41.280Z
Fownix Fx,model,216,9,false,102,2026-09-29T14:10:06.281Z,2026-09-26T06:24:05.620Z
Fownix Tiggo 7 pro Max 1.6L Turbo awd,model,216,9,false,101,2026-09-29T13:33:51.943Z,2026-09-08T11:28:00.864Z
Fownix Tiggo 7 pro Premium,model,216,9,false,57,2026-09-29T14:03:07.077Z,2026-09-14T06:37:32.398Z
Fownix Tiggo 8 pro Max IE,model,216,9,false,112,2026-09-29T14:20:32.554Z,2026-09-20T08:45:45.346Z
Haima S5,model,216,9,false,70,2026-09-29T15:00:33.321Z,2026-08-31T11:22:05.361Z
Haima S7,model,216,9,false,100,2026-09-29T15:02:36.033Z,2026-09-24T06:59:39.532Z
Haima S8,model,216,9,false,120,2026-09-29T15:07:57.237Z,2026-09-16T06:02:11.674Z
Hyundai Azera Grandeur,model,216,9,false,52,2026-09-29T14:43:28.587Z,2026-09-03T12:52:49.449Z
Hyundai Santafe ix45,model,216,9,false,55,2026-09-29T14:52:14.293Z,2026-09-23T07:06:57.955Z
Hyundai Tucson-ix35,model,216,9,false,63,2026-09-29T14:06:47.309Z,2026-09-16T11:12:39.536Z
KMC Eagle,model,216,9,false,147,2026-09-29T14:42:55.088Z,2026-09-26T07:53:14.502Z
KMC J7,model,216,9,false,129,2026-09-29T13:57:03.395Z,2026-09-27T09:22:46.410Z
KMC T8,model,216,9,false,76,2026-09-29T14:29:06.815Z,2026-09-14T11:02:10.349Z
KMC T9 pick-up,model,216,9,false,86,2026-09-29T14:48:39.862Z,2026-09-16T08:18:45.518Z
KMC X5,model,216,9,false,112,2026-09-29T14:27:11.854Z,2026-09-25T07:04:51.987Z
Kia Cerato,model,216,9,false,74,2026-09-29T14:49:26.811Z,2026-09-25T06:40:33.699Z
Kia Optima,model,216,9,false,44,2026-09-29T14:40:28.780Z,2026-09-04T11:33:42.117Z
Kia Rio,model,216,9,false,58,2026-09-29T14:32:13.147Z,2026-09-13T17:08:00.301Z
Kia Rio-ir,model,216,9,false,50,2026-09-29T14:32:13.147Z,2026-09-07T14:14:37.785Z
Kia Sportage,model,216,9,false,93,2026-09-29T14:46:08.860Z,2026-09-19T12:13:36.529Z
LUCANO L7,model,216,9,false,148,2026-09-29T14:15:03.798Z,2026-09-26T10:45:32.989Z
LUCANO L8,model,216,9,false,119,2026-09-29T13:05:02.035Z,2026-09-05T07:12:05.905Z
Lamari ECHO 1.5 Turbo,model,216,9,false,148,2026-09-29T13:08:07.680Z,2026-09-21T09:21:38.347Z
Lamari Eama-normal,model,216,9,false,105,2026-09-29T14:23:35.557Z,2026-09-22T07:35:12.195Z
Mazda 3,model,216,9,false,85,2026-09-29T14:56:34.920Z,2026-09-27T07:07:32.896Z
Mazda 3-ir,model,216,9,false,56,2026-09-29T14:36:56.602Z,2026-09-10T06:26:07.255Z
Mazda 3N Sedan-ir,model,216,9,false,59,2026-09-29T14:56:34.920Z,2026-09-08T03:59:26.618Z
Mazda Pickup,model,216,9,false,49,2026-09-29T14:41:08.231Z,2026-09-10T04:47:43.455Z
Quick GXR,model,216,9,false,106,2026-09-29T14:30:51.248Z,2026-09-23T12:56:31.314Z
Quick RS,model,216,9,false,89,2026-09-29T14:42:06.518Z,2026-09-05T14:25:06.894Z
Quick manual,model,216,9,false,90,2026-09-29T14:47:08.899Z,2026-09-28T15:20:32.742Z
Volkswagen ID Unyx Pure,model,216,9,false,97,2026-09-29T14:03:14.724Z,2026-09-10T12:48:01.809Z
Volkswagen ID4-normal,model,216,9,false,102,2026-09-29T14:41:41.166Z,2026-09-19T08:05:46.577Z
Hyundai Elantra,model,215,9,false,97,2026-09-29T12:39:21.848Z,2026-09-13T14:41:10.841Z
Kia Cerato-ir,model,215,9,false,54,2026-09-29T14:32:29.782Z,2026-09-07T09:44:04.534Z
Mitsubishi Outlander,model,215,9,false,94,2026-09-29T11:51:26.700Z,2026-08-14T12:09:16.761Z
Quick GX,model,215,9,false,107,2026-09-29T14:30:51.248Z,2026-09-27T08:38:02.539Z
Mercedes-Benz E Class,model,209,9,true,49,2026-09-29T13:32:55.556Z,2026-08-29T17:01:32.153Z
Toyota Rav4-normal,model,208,9,true,64,2026-09-29T13:36:44.304Z,2026-06-11T07:56:33.894Z
BAIC U5 PLUS,model,207,9,true,90,2026-09-29T13:43:36.394Z,2026-04-06T08:44:13.699Z
Peugeot 2008,model,207,9,true,50,2026-09-29T12:46:11.965Z,2026-08-31T06:11:33.164Z
JAC J5,model,205,9,true,40,2026-09-29T13:00:26.603Z,2026-08-19T11:12:40.327Z
Nissan Maxima-ir,model,204,9,true,58,2026-09-29T14:06:38.702Z,2026-08-30T08:39:14.591Z
Peugeot Roa,model,196,9,true,33,2026-09-29T13:56:57.107Z,2026-08-22T12:49:19.078Z
Pride 141,model,194,9,true,36,2026-09-29T13:56:39.622Z,2026-08-30T06:57:48.231Z
BMW X3,model,193,9,true,54,2026-09-29T13:58:59.315Z,2026-07-25T14:45:05.602Z
Citroen C3,model,188,8,true,98,2026-09-29T14:21:10.520Z,2026-07-20T07:22:19.379Z
Dena basic,model,188,8,true,34,2026-09-29T14:15:12.110Z,2026-08-29T22:21:47.097Z
Chery Tiggo 7,model,186,8,true,38,2026-09-29T14:04:30.985Z,2026-07-30T14:54:31.896Z
Great-Wall Tank,model,186,8,true,85,2026-09-29T13:06:34.093Z,2026-07-17T09:28:40.741Z
Daewoo Cielo,model,185,8,true,47,2026-09-29T14:12:58.474Z,2026-08-29T20:57:26.273Z
Runna LX,model,185,8,true,46,2026-09-29T13:53:53.676Z,2026-08-04T13:11:48.811Z
Lifan X60,model,184,8,true,33,2026-09-29T14:13:51.938Z,2026-08-23T02:36:34.483Z
Suzuki Grand-Vitara,model,182,8,true,45,2026-09-29T14:28:58.305Z,2026-08-02T10:46:57.120Z
Fownix FX EV,model,178,8,true,73,2026-09-29T12:11:46.466Z,2026-08-05T10:51:23.739Z
Pride 132,model,176,8,true,35,2026-09-29T14:06:17.784Z,2026-08-29T19:59:51.694Z
Nissan Qashqai,model,171,8,true,86,2026-09-29T13:33:36.059Z,2026-06-13T08:01:30.908Z
Mercedes-Benz A Class,model,166,7,true,69,2026-09-29T11:48:40.727Z,2026-08-06T08:01:27.119Z
Chery Arizo 5 sport FL,model,165,7,true,51,2026-09-29T13:49:29.309Z,2026-08-02T13:06:44.862Z
Paykan Petrol,model,165,7,true,32,2026-09-29T13:52:32.368Z,2026-08-22T04:14:25.936Z
KMC SR3,model,163,7,true,97,2026-09-29T11:54:32.366Z,2026-08-17T08:28:03.877Z
Toyota Prado 4door,model,160,7,true,38,2026-09-29T11:07:26.022Z,2026-07-26T10:13:39.333Z
PARS KHODRO NOA,model,157,7,true,116,2026-09-29T12:13:30.509Z,2026-07-11T07:38:28.028Z
BYD SONG PLUS,model,156,7,true,72,2026-09-29T13:00:02.973Z,2026-04-09T13:16:51.807Z
Peugeot RD,model,156,7,true,23,2026-09-29T13:37:46.424Z,2026-08-29T20:52:22.108Z
Nissan Sylphy E power,model,155,7,true,53,2026-09-29T14:46:30.862Z,2026-07-11T09:20:05.956Z
Renault Koleos,model,155,7,true,40,2026-09-29T12:53:55.272Z,2026-08-20T15:23:57.467Z
Fownix Tiggo 7 pro E plus Plugin hybrid,model,154,7,true,65,2026-09-29T13:52:13.362Z,2026-08-11T07:41:44.071Z
Brilliance H320,model,152,7,true,40,2026-09-29T13:06:42.074Z,2026-08-31T09:06:46.040Z
Chery Arrizo 5IE New,model,152,7,true,42,2026-09-29T13:43:16.110Z,2026-07-20T07:25:46.654Z
Maxmotor Kalut,model,152,7,true,40,2026-09-29T13:09:59.267Z,2026-08-07T20:44:30.090Z
Zamyad Padra Plus,model,151,7,true,71,2026-09-29T13:47:07.332Z,2026-08-30T14:18:37.449Z
Mazda 323,model,150,7,true,39,2026-09-29T12:14:34.078Z,2026-08-15T06:15:53.217Z
Renault Sandero-Stepway,model,149,7,true,35,2026-09-29T14:12:04.607Z,2026-08-30T05:33:21.992Z
Volkswagen Gol,model,149,7,true,44,2026-09-29T13:29:11.594Z,2026-08-24T05:42:42.632Z
Hyundai Sonata-NF,model,147,7,true,29,2026-09-29T15:02:06.200Z,2026-09-01T08:20:26.037Z
Farda 511,model,145,7,true,75,2026-09-29T16:33:07.158Z,2026-06-16T10:29:43.674Z
Kia Sorento,model,145,7,true,25,2026-09-29T14:24:43.554Z,2026-08-29T21:42:43.670Z
Nissan Patrol 4 door,model,145,7,true,30,2026-09-29T16:32:57.534Z,2026-08-29T19:29:56.778Z
Pride Hatchback,model,145,7,true,28,2026-09-29T14:26:58.335Z,2026-08-30T13:48:29.820Z
Volkswagen ID Unyx-normal,model,145,7,true,54,2026-09-29T12:32:45.846Z,2026-06-20T10:33:48.418Z
KMC K7,model,143,6,true,47,2026-09-29T13:19:01.660Z,2026-02-15T13:32:23.980Z
SsangYong Tivoli,model,140,6,true,30,2026-09-29T12:57:39.639Z,2026-08-30T17:27:09.040Z
BMW 3 Series Sedan,model,139,6,true,33,2026-09-29T11:04:04.234Z,2026-08-15T13:17:41.459Z
Tara Automatic,model,138,6,true,31,2026-09-29T13:49:56.092Z,2026-08-25T10:26:03.771Z
Toyota Levin-Hybrid 1800CC-normal,model,137,6,true,57,2026-09-29T13:49:49.311Z,2026-08-25T07:31:41.182Z
Lamari NEO 1.5 Turbo,model,136,6,true,93,2026-09-29T14:28:14.290Z,2026-08-09T06:29:17.083Z
inroads Van C35,model,134,6,true,88,2026-09-29T12:14:30.572Z,2026-07-20T08:46:30.834Z
Audi Q5 e-tron,model,133,6,true,39,2026-09-29T13:18:15.396Z,2025-10-21T10:58:10.454Z
Mitsubishi Eclipse Cross,model,133,6,true,54,2026-09-29T12:18:25.299Z,2026-05-04T10:54:33.993Z
Brilliance H330,model,132,6,true,22,2026-09-29T13:37:50.829Z,2026-08-30T20:51:49.079Z
Nissan Patrol 2 door,model,132,6,true,33,2026-09-29T13:17:52.774Z,2026-08-30T05:43:45.399Z
Quick Automatic,model,132,6,true,32,2026-09-29T14:38:07.315Z,2026-08-05T08:43:36.103Z
BYD SEALION 06 DMi,model,131,6,true,79,2026-09-29T12:32:37.429Z,2026-07-16T06:12:49.677Z
Hyundai Sonata-YF,model,130,6,true,26,2026-09-29T14:06:38.031Z,2026-08-30T07:09:02.079Z
Saina GX,model,129,6,true,65,2026-09-29T14:10:03.754Z,2026-09-01T10:03:04.755Z
MVM Arizo 5 sport FL,model,127,6,true,44,2026-09-29T13:17:40.202Z,2026-08-18T10:56:03.872Z
XTRIM Xtrim (EXEED) LX,model,127,6,true,58,2026-09-29T11:35:03.390Z,2026-07-19T07:53:17.829Z
Saipa Atlas GL,model,126,6,true,78,2026-09-29T14:26:30.144Z,2026-08-31T11:41:30.147Z
Arisan Arisan,model,125,6,true,33,2026-09-29T13:13:42.998Z,2026-08-30T08:09:02.079Z
Toyota Wildlander Luxury Plus,model,124,6,true,44,2026-09-29T11:54:39.613Z,2026-07-23T06:59:02.944Z
Foton Tunland G7,model,122,6,true,52,2026-09-29T13:18:33.680Z,2026-06-09T07:16:46.172Z
Lifan X50,model,122,6,true,32,2026-09-29T11:47:44.225Z,2026-08-31T16:40:52.975Z
BMW X4,model,120,6,true,42,2026-09-29T11:01:00.136Z,2026-07-30T06:51:07.960Z
Zamyad EX,model,119,5,true,74,2026-09-29T12:17:56.537Z,2026-08-23T14:01:37.376Z
Renault Megan-ir,model,117,5,true,36,2026-09-29T13:03:28.545Z,2026-08-30T04:16:48.351Z
XTRIM Xtrim (EXEED) VX,model,116,5,true,43,2026-09-29T11:05:46.166Z,2026-05-18T10:56:21.871Z
Changan CS35-ir,model,114,5,true,37,2026-09-29T13:43:29.909Z,2026-08-06T06:03:59.318Z
Cheval 6 HEV 1.5L Turbo,model,113,5,true,69,2026-09-29T14:37:31.063Z,2026-06-27T06:29:30.667Z
BYD Qin Plus,model,111,5,true,43,2026-09-29T12:11:53.639Z,2026-08-03T14:18:38.187Z
Renault Talisman,model,110,5,true,30,2026-09-29T14:15:20.085Z,2026-08-28T07:13:17.192Z
Nissan Terra,model,109,5,true,31,2026-09-29T12:44:14.926Z,2026-06-03T07:56:53.255Z
Voyah Free phev,model,109,5,true,31,2026-09-29T09:31:21.710Z,2026-08-30T09:00:17.588Z
Audi Q4 e-tron,model,108,5,true,41,2026-09-29T13:30:49.773Z,2026-08-09T14:17:57.083Z
BMW 2 Series Grancoupe,model,108,5,true,45,2026-09-29T12:22:26.373Z,2026-07-08T12:05:54.659Z
Toyota Rav4 2.0L Fwd,model,108,5,true,43,2026-09-29T14:10:06.094Z,2026-08-30T19:36:23.246Z
Lifan 620,model,104,5,true,21,2026-09-29T14:36:21.824Z,2026-08-30T08:02:39.340Z
MVM X33S,model,103,5,true,27,2026-09-29T11:27:02.306Z,2024-01-01T12:54:10.562Z
Nissan Pickup,model,103,5,true,24,2026-09-29T09:57:32.666Z,2026-08-29T15:03:02.071Z
KMC A5,model,102,5,true,41,2026-09-29T14:26:25.164Z,2026-04-08T07:10:24.006Z
Haima X7,model,101,5,true,48,2026-09-29T12:13:17.910Z,2026-05-04T08:02:33.705Z
Hyundai Accent,model,101,5,true,23,2026-09-29T12:51:37.356Z,2026-08-31T19:53:04.053Z
BMW 7 Series,model,100,5,true,23,2026-09-29T13:55:58.535Z,2026-08-31T08:28:35.130Z
BMW 225i,model,98,5,true,44,2026-09-29T12:38:38.491Z,2026-06-03T12:24:32.236Z
Dignity Prestige,model,98,5,true,27,2026-09-29T10:26:18.182Z,2026-06-01T07:49:14.306Z
Lexus RX,model,98,5,true,23,2026-09-29T13:50:54.451Z,2026-08-30T08:27:52.362Z
MG GT,model,98,5,true,30,2026-09-29T09:53:47.860Z,2026-08-31T17:23:09.915Z
SsangYong Musso,model,98,5,true,21,2026-09-29T10:26:07.032Z,2026-09-01T07:19:45.508Z
Toyota Prado 2door,model,98,5,true,19,2026-09-29T14:14:02.126Z,2026-08-30T09:14:53.898Z
Daewoo Matiz,model,97,5,true,24,2026-09-29T11:14:54.381Z,2026-07-17T11:13:02.494Z
Nissan Juke,model,97,5,true,30,2026-09-29T15:18:08.208Z,2026-08-12T09:12:26.822Z
Farda Sx5,model,96,5,true,18,2026-09-29T11:17:34.806Z,2026-08-26T17:50:34.732Z
Lexus LX,model,96,5,true,26,2026-09-29T11:40:43.727Z,2026-07-16T08:20:56.477Z
Saina GXL CNG,model,92,4,true,42,2026-09-29T12:57:24.680Z,2026-09-01T10:03:04.755Z
Volkswagen T-ROC,model,92,4,true,32,2026-09-29T12:54:25.022Z,2026-06-08T07:34:06.214Z
BMW X2,model,91,4,true,29,2026-09-29T12:29:44.117Z,2026-06-13T08:19:49.482Z
MVM 530,model,91,4,true,24,2026-09-29T11:14:31.885Z,2026-08-16T12:35:49.276Z
Mazda EZ6 Hybrid EREV,model,89,4,true,31,2026-09-29T13:35:16.393Z,2026-07-20T09:02:25.921Z
Renault Pars Tondar,model,89,4,true,14,2026-09-29T14:16:06.349Z,2026-08-29T16:56:50.841Z
XTRIM Xtrim (EXEED) TXL,model,88,4,true,32,2026-09-29T12:57:18.033Z,2026-06-21T06:48:16.438Z
MG 6,model,87,4,true,21,2026-09-29T11:28:27.590Z,2026-08-30T11:46:16.226Z
Toyota Hilux double cabin,model,87,4,true,18,2026-09-29T10:39:11.288Z,2026-08-25T07:44:23.959Z
BMW iX1,model,86,4,true,41,2026-09-29T10:55:45.248Z,2026-05-09T08:58:50.258Z
Toyota Rav4 Hybrid Awd,model,86,4,true,29,2026-09-29T13:00:59.419Z,2026-08-08T06:00:00.870Z
Besturn B30,model,85,4,true,22,2026-09-29T11:25:00.399Z,2026-08-30T09:54:48.845Z
Fownix Tiggo 8 Promax,model,85,4,true,30,2026-09-29T13:11:57.384Z,2026-08-24T09:30:34.852Z
Hyundai Veracruz-ix55,model,85,4,true,19,2026-09-29T13:31:31.341Z,2026-06-19T07:12:52.860Z
Kia K5 TURBO,model,84,4,true,30,2026-09-29T12:51:07.575Z,2026-05-16T08:01:02.928Z
Fownix Tiggo 7 pro-normal,model,83,4,true,18,2026-09-29T13:44:58.300Z,2026-08-26T11:30:53.834Z
Haval H9,model,83,4,true,49,2026-09-29T11:50:29.347Z,2026-07-25T14:43:51.966Z
Hyundai Verna,model,81,4,true,12,2026-09-29T12:51:05.770Z,2026-06-27T17:26:00.396Z
Nissan Altima,model,81,4,true,13,2026-09-29T11:37:47.686Z,2026-09-01T05:24:15.476Z
Suzuki Grand-Vitara-ir,model,81,4,true,12,2026-09-29T14:28:58.305Z,2026-08-29T11:30:03.601Z
Hyundai Genesis,model,80,4,true,14,2026-09-29T13:09:14.819Z,2026-08-31T06:46:11.084Z
Nissan Roniz,model,79,4,true,14,2026-09-29T14:30:27.833Z,2026-06-21T15:54:54.990Z
Volkswagen Tiguan-normal,model,77,4,true,19,2026-09-29T14:25:58.047Z,2026-08-30T09:12:54.929Z
Changan CS35-normal,model,76,4,true,22,2026-09-29T12:05:49.909Z,2026-08-16T11:37:44.456Z
Hyundai Hyundai Elantra 1600,model,76,4,true,31,2026-09-29T14:12:02.421Z,2026-08-05T06:57:50.217Z
Tigard X35-normal,model,76,4,true,27,2026-09-29T12:29:13.145Z,2026-08-01T11:33:59.953Z
Mercedes-Benz S Class,model,75,4,true,13,2026-09-29T13:55:00.963Z,2026-08-31T12:30:02.254Z
Toyota Rav4 2.0L Awd,model,75,4,true,30,2026-09-29T14:00:17.489Z,2026-08-31T14:49:51.354Z
Fownix Tiggo 8 pro Max E plus Plugin hybrid,model,74,4,true,30,2026-09-29T12:16:47.931Z,2026-05-31T09:45:33.527Z
Hyundai Sonata-LF-hybrid,model,73,4,true,12,2026-09-29T13:18:38.113Z,2026-09-01T07:07:44.454Z
Lamari Eama HEV Hybrid,model,73,4,true,27,2026-09-29T11:11:35.151Z,2026-07-23T05:38:59.379Z
Geely Emgrand 7,model,72,4,true,19,2026-09-29T13:25:04.824Z,2026-07-25T20:26:20.154Z
MVM 110S,model,72,4,true,15,2026-09-29T11:28:18.190Z,2026-08-29T17:17:53.712Z
Nissan Terra Exclusive,model,72,4,true,20,2026-09-29T10:57:29.875Z,2026-06-03T07:56:53.255Z
Volkswagen Tiguan L Pro,model,72,4,true,27,2026-09-29T14:06:07.438Z,2026-08-30T10:37:26.712Z
Fownix Tiggo 8 pro-normal,model,71,3,true,19,2026-09-29T14:41:05.879Z,2026-06-17T08:36:38.322Z
Amg Tooca,model,69,3,true,29,2026-09-29T12:32:23.849Z,2026-08-20T08:43:36.314Z
Capra Double Cabin,model,69,3,true,8,2026-09-29T13:29:35.365Z,2026-08-30T11:35:31.390Z
Honda HR-V-normal,model,69,3,true,24,2026-09-29T11:45:33.313Z,2026-06-11T07:46:22.684Z
Changan CS 35  3,model,68,3,true,17,2026-09-29T13:41:33.037Z,2026-08-31T17:22:19.743Z
Fidelity FIDELITY PRESTIGE,model,68,3,true,32,2026-09-29T11:38:49.050Z,2026-08-01T11:56:08.509Z
Ario automatic-1600cc,model,67,3,true,16,2026-09-29T12:58:54.186Z,2026-08-10T17:18:39.670Z
Volkswagen Tayron L,model,67,3,true,31,2026-09-29T12:48:27.368Z,2026-08-04T10:33:06.226Z
Chery Arrizo 6,model,65,3,true,11,2026-09-29T14:02:58.148Z,2026-08-30T15:14:02.564Z
MG 550,model,65,3,true,22,2026-09-29T13:32:40.485Z,2026-07-11T09:46:59.761Z
BYD Qin-L,model,64,3,true,25,2026-09-29T10:28:32.435Z,2026-06-09T12:20:44.485Z
Hyundai Avante,model,64,3,true,17,2026-09-29T13:17:15.969Z,2026-08-14T10:13:41.713Z
Hyundai Hyundai Hyundai Elantra 1800,model,62,3,true,17,2026-09-29T13:02:33.962Z,2026-08-30T08:30:25.943Z
Hyundai Veloster,model,62,3,true,13,2026-09-29T14:44:43.158Z,2026-08-24T09:00:34.421Z
Hyundai i20-normal,model,62,3,true,11,2026-09-29T10:26:19.612Z,2026-09-02T04:47:01.320Z
Toyota Yaris Sedan,model,62,3,true,18,2026-09-29T12:00:53.724Z,2026-08-30T05:46:37.280Z
Runna Plus P,model,61,3,true,15,2026-09-29T14:11:58.968Z,2026-08-30T16:31:01.186Z
Hongqi H5,model,60,3,true,24,2026-09-29T10:59:23.704Z,2026-05-09T12:49:50.508Z
Hyundai Sonata 1.5L Turbo,model,60,3,true,18,2026-09-29T11:44:01.853Z,2026-06-21T14:08:03.193Z
Tigard X35 PRIME,model,60,3,true,24,2026-09-29T12:36:49.178Z,2026-07-27T08:05:20.150Z
Renault Captur,model,58,3,true,7,2026-09-29T11:27:21.611Z,2026-09-01T09:56:28.383Z
BAIC Beijing X7,model,57,3,true,27,2026-09-29T13:51:19.607Z,2026-08-30T07:57:34.589Z
Mazda EZ60,model,57,3,true,22,2026-09-29T13:16:34.427Z,2026-07-20T06:52:30.832Z
Porsche Cayenne,model,57,3,true,15,2026-09-29T11:42:02.101Z,2026-07-15T18:32:47.584Z
Lexus NX 300 H,model,56,3,true,14,2026-09-29T11:07:42.580Z,2026-08-30T20:28:19.492Z
Renault Fluence,model,56,3,true,24,2026-09-29T14:17:14.707Z,2026-08-21T18:14:59.223Z
Chery Arrizo 5TE,model,54,3,true,10,2026-09-29T10:59:22.276Z,2026-08-08T13:32:34.619Z
Farda T5-normal,model,54,3,true,14,2026-09-29T02:51:13.108Z,2026-08-30T08:33:52.753Z
Gac Es9,model,54,3,true,35,2026-09-29T12:22:13.186Z,2026-06-15T11:22:34.223Z
Brilliance H230,model,53,3,true,16,2026-09-29T11:57:24.928Z,2026-08-29T21:06:17.958Z
Hyundai Accent-ir,model,53,3,true,11,2026-09-29T12:15:23.416Z,2026-08-31T19:53:04.053Z
KMC SR6 1.5L Turbo,model,53,3,true,28,2026-09-29T10:36:10.401Z,2026-08-08T08:43:28.036Z
Nissan Murano,model,53,3,true,12,2026-09-29T12:54:35.578Z,2026-08-25T21:16:24.554Z
Suzuki Jimny,model,53,3,true,17,2026-09-29T12:26:13.750Z,2026-07-15T08:20:41.105Z
Besturn B50,model,52,3,true,14,2026-09-29T09:47:57.290Z,2026-08-31T07:34:06.001Z
Honda Accord,model,52,3,true,17,2026-09-29T08:09:15.094Z,2026-08-31T09:03:44.891Z
Proton Gen-2,model,51,3,true,11,2026-09-29T13:15:26.014Z,2026-08-30T12:00:11.347Z
Alfa Romeo Giulietta,model,50,3,true,22,2026-09-29T11:14:52.677Z,2026-08-29T19:04:47.091Z
Honda ENS1,model,50,3,true,12,2026-09-29T12:25:05.586Z,2026-09-02T09:23:13.964Z
Lifan 820,model,50,3,true,5,2026-09-29T09:14:29.455Z,2026-08-30T13:46:54.400Z
Hyundai i30,model,49,3,true,12,2026-09-29T12:04:39.645Z,2026-08-19T09:30:18.803Z
Toyota BZ3,model,49,3,true,19,2026-09-29T13:52:49.021Z,2026-08-11T07:39:04.721Z
Haval H6 HEV,model,48,3,true,14,2026-09-29T12:10:12.725Z,2026-08-13T16:14:30.148Z
BMW X1,model,47,3,true,15,2026-09-29T13:58:44.653Z,2026-08-05T06:06:35.020Z
Volvo XC90,model,47,3,true,7,2026-09-29T13:37:13.210Z,2026-08-31T17:52:01.714Z
Reera 1.7L Turbo 6 At,model,46,2,true,22,2026-09-29T11:25:01.605Z,2026-08-31T07:52:27.220Z
Toyota Levin-Hybrid 1800CC Sport Edition,model,46,2,true,17,2026-09-29T11:31:06.722Z,2026-08-18T06:35:20.733Z
Peugeot RDI,model,45,2,true,6,2026-09-29T10:53:57.595Z,2026-08-29T20:52:22.108Z
Respect Prime,model,45,2,true,12,2026-09-29T12:29:55.550Z,2026-08-30T11:50:00.849Z
Toyota Levin-Turbo 1200CC,model,45,2,true,13,2026-09-29T13:01:40.009Z,2026-08-01T09:29:39.257Z
Zamyad Karoon,model,45,2,true,26,2026-09-29T13:45:19.630Z,2026-04-06T12:57:26.907Z
Audi Q5-normal,model,44,2,true,10,2026-09-29T12:16:47.886Z,2026-08-18T08:31:23.404Z
Delica Van,model,44,2,true,5,2026-09-29T08:38:26.636Z,2026-08-31T10:52:47.175Z
Saipa Atlas S,model,44,2,true,21,2026-09-29T14:16:30.826Z,2026-09-06T12:04:40.302Z
Honda Civic,model,43,2,true,12,2026-09-29T08:45:04.035Z,2026-08-10T00:56:45.597Z
Honda HR-V eHEV,model,43,2,true,17,2026-09-29T11:09:12.202Z,2026-05-30T11:21:53.448Z
Hyundai Kona,model,43,2,true,24,2026-09-29T14:55:26.341Z,2026-08-05T14:28:00.148Z
Hyundai i20-ir,model,43,2,true,11,2026-09-29T11:25:17.151Z,2026-09-01T10:16:50.835Z
Amico Asna,model,42,2,true,7,2026-09-29T07:21:50.053Z,2026-08-06T09:43:42.372Z
Foton Pickup,model,42,2,true,17,2026-09-29T09:04:12.728Z,2026-08-30T08:11:24.463Z
Hyundai Sonata-LF-normal,model,42,2,true,7,2026-09-29T13:51:17.366Z,2026-08-30T09:53:01.981Z
Kia K3-normal,model,42,2,true,14,2026-09-29T11:48:21.168Z,2026-08-30T08:36:16.788Z
Kia mohave,model,42,2,true,10,2026-09-29T13:40:45.355Z,2026-08-31T10:03:02.590Z
MVM 550,model,42,2,true,4,2026-09-29T10:41:46.270Z,2026-09-02T16:31:35.952Z
Toyota Aurion,model,41,2,true,8,2026-09-29T05:51:47.734Z,2026-09-01T09:27:25.776Z
Volkswagen ID4 Pure Plus,model,41,2,true,17,2026-09-29T14:14:09.452Z,2026-07-22T08:35:22.168Z
Besturn B50F,model,40,2,true,11,2026-09-29T09:47:57.290Z,2026-08-31T07:34:06.001Z
Brilliance H220,model,40,2,true,9,2026-09-29T09:31:16.503Z,2026-08-29T17:35:02.661Z
Jeep Sahra,model,40,2,true,7,2026-09-29T10:30:55.240Z,2026-08-29T23:32:43.838Z
MG 3-normal,model,40,2,true,13,2026-09-29T09:23:11.215Z,2026-08-31T07:31:02.332Z
Mazda EZ6-normal,model,40,2,true,14,2026-09-29T12:31:49.549Z,2026-09-05T06:11:30.268Z
Toyota Highlander Hybrid,model,40,2,true,15,2026-09-29T12:23:52.936Z,2026-07-16T08:27:53.438Z
Hyundai Tucson 1.5L Turbo,model,39,2,true,14,2026-09-28T09:43:55.833Z,2026-07-28T08:51:52.073Z
Lexus ES,model,39,2,true,5,2026-09-29T07:41:00.785Z,2026-06-07T10:49:50.632Z
Renault Duster,model,39,2,true,11,2026-09-29T13:41:58.920Z,2026-08-31T07:16:14.064Z
Samand SE,model,39,2,true,6,2026-09-29T13:13:59.332Z,2026-08-30T08:14:09.963Z
MG MG 5,model,38,2,true,7,2026-09-28T16:13:06.535Z,2026-08-30T08:21:24.485Z
Mercedes-Benz EQE 500 SUV,model,38,2,true,15,2026-09-29T07:31:48.972Z,2026-09-01T07:41:56.654Z
Porsche Panamera,model,38,2,true,9,2026-09-29T13:33:10.372Z,2026-09-01T13:12:28.651Z
Fownix تیگو 8 پرو E plus,model,37,2,true,8,2026-09-29T12:56:53.673Z,2026-08-13T09:16:22.463Z
Mercedes-Benz CLS Class,model,37,2,true,5,2026-09-29T09:52:52.405Z,2026-09-01T11:09:59.432Z
Nissan Maxima-im,model,37,2,true,8,2026-09-29T13:01:13.568Z,2026-08-29T17:08:51.678Z
Nissan N6 PHEV,model,37,2,true,27,2026-09-29T10:37:55.559Z,2026-09-01T07:11:27.277Z
Toyota C-HR,model,37,2,true,7,2026-09-29T09:50:17.339Z,2026-08-31T11:20:53.352Z
Pazhan 4 door,model,36,2,true,8,2026-09-29T10:09:15.060Z,2026-07-27T09:52:16.159Z
Dayun Y7,model,35,2,true,4,2026-09-29T11:09:05.714Z,2026-08-30T13:19:19.125Z
Gac GS3,model,35,2,true,13,2026-09-29T12:18:21.321Z,2026-09-02T06:52:42.564Z
Lexus IS,model,35,2,true,8,2026-09-29T13:17:13.867Z,2026-09-02T15:34:51.182Z
Mitsubishi Lancer,model,35,2,true,4,2026-09-29T12:08:14.021Z,2026-08-29T17:14:51.862Z
Porsche Macan,model,35,2,true,10,2026-09-29T13:40:54.079Z,2026-09-05T13:25:07.076Z
Samand EL,model,35,2,true,13,2026-09-29T13:17:59.729Z,2026-08-19T11:51:33.932Z
Changan EADO EV460,model,34,2,true,11,2026-09-29T08:47:48.479Z,2026-08-18T11:57:36.394Z
Fownix Tiggo 7 pro Max-normal,model,34,2,true,15,2026-09-29T13:25:43.281Z,2026-01-25T09:09:53.027Z
Haval H2-ir,model,34,2,true,12,2026-09-29T14:11:53.672Z,2026-09-01T07:37:11.490Z
Lexus NX 200t,model,34,2,true,13,2026-09-29T12:37:36.458Z,2026-09-02T09:18:22.773Z
MVM 315 Sedan,model,34,2,true,5,2026-09-29T13:45:47.510Z,2026-08-30T09:41:33.387Z
Nissan X-Trail,model,34,2,true,7,2026-09-29T14:48:48.407Z,2026-09-06T08:58:45.310Z
Roewe eRX5 Hybrid,model,34,2,true,13,2026-09-29T09:08:57.089Z,2026-08-09T10:14:23.929Z
Toyota Prius,model,34,2,true,7,2026-09-29T07:44:00.934Z,2026-08-31T09:32:42.877Z
Volkswagen jetta VS7,model,34,2,true,9,2026-09-29T07:11:54.679Z,2026-08-19T09:21:28.986Z
Brilliance C3,model,33,2,true,6,2026-09-29T12:30:23.456Z,2026-08-30T06:46:24.619Z
Mitsubishi Pajero 4 door,model,33,2,true,7,2026-09-29T10:40:02.973Z,2026-08-30T08:59:00.765Z
Paykan Bi-fuel(CNG),model,33,2,true,7,2026-09-29T11:11:15.093Z,2026-08-30T09:03:38.423Z
Suzuki Jimny-normal,model,33,2,true,10,2026-09-29T09:39:11.945Z,2026-07-15T08:20:41.105Z
Hyundai FX Coupe,model,32,2,true,8,2026-09-29T11:02:18.189Z,2026-08-14T10:11:56.668Z
Lifan 520,model,32,2,true,5,2026-09-29T10:15:41.486Z,2026-08-25T13:11:48.050Z
MG GS,model,32,2,true,9,2026-09-29T09:20:58.117Z,2026-08-25T22:10:21.497Z
Nissan Teana-ir,model,32,2,true,9,2026-09-29T13:54:12.156Z,2026-08-31T06:54:48.827Z
Renault PK,model,32,2,true,6,2026-09-29T07:56:13.775Z,2026-09-01T07:24:57.842Z
Envoy HEV,model,31,2,true,18,2026-09-29T09:43:59.085Z,2026-08-31T07:26:44.491Z
Geely GC6,model,31,2,true,11,2026-09-29T09:55:56.975Z,2026-08-31T15:11:03.509Z
Honda VEZEL,model,31,2,true,10,2026-09-29T13:36:51.105Z,2026-08-19T09:44:34.623Z
Lexus NX 350,model,31,2,true,6,2026-09-29T10:09:00.067Z,2026-08-24T11:47:10.236Z
Mitsubishi Galant,model,31,2,true,4,2026-09-29T12:44:44.701Z,2026-08-30T09:18:09.093Z
SsangYong Tivoli-IR,model,31,2,true,7,2026-09-29T12:47:44.194Z,2026-08-31T12:45:49.866Z
BAW 212,model,30,2,true,16,2026-09-29T09:54:39.471Z,2026-08-30T09:10:22.629Z
BYD Destroyer 05 DMi,model,30,2,true,11,2026-09-29T13:27:24.226Z,2026-09-01T11:52:06.704Z
Geely Emgrand X7,model,29,2,true,10,2026-09-29T13:58:04.951Z,2026-09-01T12:43:27.419Z
Kia Picanto,model,29,2,true,5,2026-09-29T10:21:18.023Z,2026-09-03T11:12:52.892Z
Proton Viera,model,29,2,true,7,2026-09-29T12:06:29.992Z,2026-08-30T20:04:59.881Z
Toyota Rav4 Adventure Plus,model,29,2,true,10,2026-09-29T06:58:29.773Z,2026-09-01T08:43:18.310Z
Toyota Venza-normal,model,29,2,true,11,2026-09-28T15:18:02.615Z,2026-08-31T08:00:09.127Z
Bestune Nat,model,28,2,true,7,2026-09-29T08:40:49.092Z,2026-08-31T07:58:50.519Z
Farda m4 Suba,model,28,2,true,5,2026-09-29T06:48:16.020Z,2026-08-30T14:40:37.402Z
Kia Opirus,model,28,2,true,7,2026-09-29T11:41:08.910Z,2026-08-20T19:20:27.869Z
Opel Corsa,model,28,2,true,12,2026-09-29T11:09:26.978Z,2026-08-31T10:01:46.045Z
Haval H6-normal,model,27,2,true,14,2026-09-29T09:25:29.458Z,2026-06-05T16:09:05.718Z
KMC EJ7-normal,model,27,2,true,6,2026-09-29T07:20:03.980Z,2026-08-31T17:16:25.372Z
MVM 315 Hatchback Plus,model,27,2,true,5,2026-09-29T07:16:40.251Z,2026-09-01T10:49:18.854Z
Volkswagen ID4 Pro,model,27,2,true,9,2026-09-29T11:41:32.640Z,2026-06-15T08:57:34.198Z
Eres hm5,model,26,2,true,9,2026-09-29T12:16:31.966Z,2026-06-06T12:12:02.752Z
MG 360,model,26,2,true,9,2026-09-29T13:31:58.023Z,2026-09-01T08:27:37.814Z
BAIC Sabrina,model,25,2,true,3,2026-09-28T17:56:10.164Z,2026-09-01T06:16:32.565Z
Gac EMKOO,model,25,2,true,7,2026-09-29T07:11:47.663Z,2026-09-02T18:22:15.292Z
Renault Pickup,model,25,2,true,3,2026-09-29T09:03:45.338Z,2026-08-29T17:26:46.597Z
Renault Symbol,model,25,2,true,5,2026-09-29T12:12:41.776Z,2026-09-01T13:03:33.115Z
SsangYong Korando,model,25,2,true,7,2026-09-29T12:28:47.742Z,2026-08-28T13:29:29.644Z
Zamyad Padra-normal,model,25,2,true,16,2026-09-29T11:31:46.226Z,2026-09-02T11:48:12.124Z
Audi A3 Sedan,model,24,2,true,11,2026-09-29T10:02:27.135Z,2026-05-14T07:26:08.416Z
BYD S6,model,24,2,true,8,2026-09-29T06:37:49.158Z,2026-08-30T08:28:37.841Z
Gac Empow Hybrid,model,24,2,true,8,2026-09-29T07:17:40.383Z,2026-05-12T07:26:04.341Z
Hongqi E-QM5,model,24,2,true,3,2026-09-29T10:18:33.883Z,2026-09-04T10:34:21.674Z
Land Rover Range Rover-Evoque,model,24,2,true,7,2026-09-29T14:42:40.567Z,2026-09-01T15:49:55.522Z
Peugeot 407,model,24,2,true,2,2026-09-29T12:39:14.761Z,2026-08-29T16:44:23.917Z
Toyota Van,model,24,2,true,4,2026-09-28T09:25:13.563Z,2026-08-31T10:58:27.535Z
Toyota Wildlander 2.0L Fwd,model,24,2,true,14,2026-09-29T10:51:30.420Z,2026-08-03T07:32:36.242Z
ZX_AUTO G9,model,24,2,true,6,2026-09-29T12:56:39.005Z,2026-09-01T08:41:05.574Z
Gac EMPOW,model,23,2,true,5,2026-09-29T12:38:51.070Z,2026-07-12T09:53:03.360Z
IM,brand,23,1,true,4,2026-09-29T07:50:17.426Z,2026-08-01T12:21:08.188Z
Pazhan 2 door,model,23,1,true,8,2026-09-29T10:28:29.989Z,2026-09-02T10:30:09.688Z
SsangYong Rexton,model,23,1,true,10,2026-09-29T12:28:59.576Z,2026-08-02T08:13:54.939Z
Toyota bZ4x-normal,model,23,1,true,5,2026-09-29T12:30:11.391Z,2025-10-15T16:03:47.509Z
Volvo XC70,model,23,1,true,10,2026-09-29T08:40:17.827Z,2026-08-31T17:51:49.699Z
Škoda Karoq,model,23,1,true,7,2026-09-28T14:18:09.840Z,2026-08-31T15:47:46.729Z
Daewoo Racer,model,22,1,true,5,2026-09-29T10:48:07.401Z,2026-09-05T20:45:31.697Z
Mitsubishi ASX,model,22,1,true,6,2026-09-29T10:53:23.375Z,2026-08-31T17:28:22.877Z
Rayen V5,model,22,1,true,9,2026-09-28T15:17:51.087Z,2026-09-03T19:42:24.183Z
Suzuki Ciaz,model,22,1,true,12,2026-09-29T08:03:56.722Z,2026-08-01T06:37:04.415Z
Toyota BZ3X,model,22,1,true,9,2026-09-29T13:13:29.458Z,2026-09-02T16:57:09.286Z
Citroen C5,model,21,1,true,1,2026-09-28T18:56:29.900Z,2026-09-01T06:13:16.547Z
Farda T5 Plus,model,21,1,true,0,2026-09-29T06:31:02.110Z,2026-08-30T09:24:39.789Z
Iran Khodro LUNA GRE EV,model,21,1,true,5,2026-09-29T11:00:09.962Z,2026-09-05T09:29:56.193Z
KMC EJ7 PLUS,model,21,1,true,9,2026-09-28T05:08:27.145Z,2026-09-01T10:15:53.819Z
Rigan,brand,21,1,true,4,2026-09-27T10:28:26.378Z,2026-09-01T10:49:26.013Z
SsangYong Actyon,model,21,1,true,6,2026-09-29T14:02:53.474Z,2026-08-30T16:31:58.947Z
Toyota Yaris Hatchback,model,21,1,true,7,2026-09-29T07:31:54.661Z,2026-08-29T19:17:35.302Z
Volkswagen Golf,model,21,1,true,10,2026-09-28T07:39:45.454Z,2026-08-24T05:42:42.632Z
Changan EADO-normal,model,20,1,true,9,2026-09-29T08:42:06.178Z,2026-08-29T15:08:01.872Z
Changan NEVO A05,model,20,1,true,5,2026-09-29T08:15:14.902Z,2026-08-30T09:11:30.512Z
Fiat 500,model,20,1,true,6,2026-09-28T09:20:30.888Z,2026-08-24T18:21:08.826Z
Gac Emkoo Hybrid,model,20,1,true,6,2026-09-29T14:10:30.013Z,2026-09-02T08:38:41.948Z
Great-Wall C30,model,20,1,true,4,2026-09-29T13:32:43.203Z,2026-08-31T07:34:37.178Z
Toyota Venza 2.0L luxury plus,model,20,1,true,5,2026-09-28T10:41:33.949Z,2026-08-31T05:49:29.869Z
Venucia V-Online DD-i,model,20,1,true,3,2026-09-28T06:39:01.331Z,2026-07-28T07:14:51.747Z
Zotye DL5,model,20,1,true,8,2026-09-29T06:57:08.230Z,2026-08-30T09:29:49.597Z
Chevrolet,brand,19,1,true,2,2026-09-28T14:58:31.694Z,2026-08-30T07:04:22.192Z
Mercedes-Benz EQB 260,model,19,1,true,11,2026-09-29T12:09:55.880Z,2026-07-13T08:20:14.583Z
Nissan Sylphy Enjoy Edition,model,19,1,true,9,2026-09-29T07:25:14.760Z,2026-09-01T10:04:40.717Z
Rich,brand,19,1,true,0,2026-09-29T12:55:27.731Z,2026-08-30T10:49:08.391Z
Suzuki BALENO,model,19,1,true,5,2026-09-28T14:32:09.470Z,2026-08-25T09:56:26.901Z
Toyota FJ Cruiser,model,19,1,true,2,2026-09-29T12:27:13.475Z,2026-08-31T06:58:13.829Z
XPENG MONA M03,model,19,1,true,9,2026-09-28T18:45:47.808Z,2026-08-31T08:46:35.785Z
Avatr 11,model,18,1,true,7,2026-09-27T13:29:16.785Z,2026-09-08T06:16:45.975Z
Daewoo Espero,model,18,1,true,4,2026-09-28T05:30:11.281Z,2026-09-01T10:12:10.540Z
Dongfeng E70,model,18,1,true,4,2026-09-29T07:42:33.526Z,2026-09-06T22:41:45.383Z
Faw,brand,18,1,true,6,2026-09-29T11:50:07.965Z,2026-08-30T11:50:51.523Z
JAC J3 Hatchback,model,18,1,true,1,2026-09-29T13:35:30.434Z,2026-08-30T09:40:47.693Z
Jetour,brand,18,1,true,6,2026-09-29T13:08:15.726Z,2026-09-24T13:14:21.390Z
Landmark,brand,18,1,true,1,2026-09-26T12:08:26.818Z,2026-08-24T11:07:18.181Z
Volkswagen Passat,model,18,1,true,6,2026-09-28T07:51:43.509Z,2026-09-04T10:39:34.797Z
BMW 3 Series Convertible,model,17,1,true,2,2026-09-29T08:02:26.014Z,2026-08-30T09:28:48.466Z
BMW iX3,model,17,1,true,5,2026-09-29T08:21:30.163Z,2026-09-03T10:14:06.498Z
Iran Khodro RIRA EV,model,17,1,true,16,2026-09-29T09:50:43.764Z,2026-09-12T07:07:32.323Z
Land Rover Range Rover-normal,model,17,1,true,2,2026-09-28T10:47:19.589Z,2026-09-01T10:44:50.947Z
Nissan Navara,model,17,1,true,3,2026-09-27T07:59:32.322Z,2026-09-06T19:39:20.962Z
Oshan,brand,17,1,true,6,2026-09-29T12:01:23.333Z,2026-09-05T20:10:05.760Z
Runna EL,model,17,1,true,6,2026-09-28T19:18:18.295Z,2026-09-01T13:43:49.831Z
SWM,brand,17,1,true,2,2026-09-29T08:19:00.772Z,2026-08-07T03:29:19.171Z
Toyota Venza 2.0L premium,model,17,1,true,7,2026-09-27T08:12:39.042Z,2026-08-29T17:50:28.062Z
Volvo EX30,model,17,1,true,7,2026-09-29T08:32:43.883Z,2026-08-31T16:42:30.008Z
Dongfeng Shine Max-normal,model,16,1,true,5,2026-09-29T09:58:39.205Z,2026-09-08T08:51:41.539Z
Foton Van,model,16,1,true,2,2026-09-27T21:45:32.341Z,2026-09-08T07:39:49.919Z
Land Rover Defender,model,16,1,true,1,2026-09-28T19:38:12.827Z,2026-08-30T10:48:52.701Z
Lexus GS,model,16,1,true,5,2026-09-29T14:55:13.896Z,2026-09-01T09:14:06.223Z
MVM Arrizo 5ev,model,16,1,true,3,2026-09-29T08:20:34.177Z,2026-07-14T14:23:26.269Z
SsangYong new actyon,model,16,1,true,4,2026-09-28T12:16:13.687Z,2026-09-05T19:53:42.804Z
Toyota Cressida,model,16,1,true,1,2026-09-27T14:50:19.694Z,2026-08-29T22:18:32.739Z
Volkswagen Beetle,model,16,1,true,6,2026-09-28T08:31:24.609Z,2026-08-31T09:03:56.263Z
Volkswagen Van,model,16,1,true,4,2026-09-29T14:35:39.910Z,2026-08-30T09:39:19.899Z
BAIC BJ30e,model,15,1,true,2,2026-09-29T07:54:05.960Z,2026-09-02T11:54:33.452Z
Fiat Siena,model,15,1,true,0,2026-09-29T11:52:56.963Z,2026-08-31T06:36:53.754Z
Geely AZKARRA,model,15,1,true,2,2026-09-28T18:24:22.913Z,2026-09-01T11:45:06.884Z
Hyundai i10-ir,model,15,1,true,0,2026-09-29T12:32:10.279Z,2026-08-30T07:31:34.207Z
IranKhodro Van Ghazal,model,15,1,true,4,2026-09-28T23:18:37.308Z,2026-08-31T16:39:25.040Z
Mazda CX-30,model,15,1,true,6,2026-09-29T10:01:26.301Z,2026-09-09T10:18:57.289Z
Narvan Taxi,model,15,1,true,3,2026-09-29T12:39:17.537Z,2026-08-17T17:46:05.031Z
Peugeot 508,model,15,1,true,1,2026-09-29T09:38:44.663Z,2026-08-30T14:52:31.874Z
Toyota bZ4x TURBO,model,15,1,true,2,2026-09-29T08:18:11.385Z,2026-09-07T22:41:38.978Z
Uaz,brand,15,1,true,7,2026-09-29T12:06:04.561Z,2026-09-06T10:39:00.346Z
Bestune T77,model,14,1,true,6,2026-09-28T17:19:09.971Z,2026-09-03T10:21:23.296Z
Fownix Tiggo 9,model,14,1,true,5,2026-09-29T07:53:35.409Z,2026-07-23T07:38:36.478Z
IranKhodro Van Vana,model,14,1,true,0,2026-09-28T12:43:05.033Z,2026-09-02T06:17:14.323Z
LAMACO,brand,14,1,true,4,2026-09-29T12:34:57.289Z,2026-09-12T09:47:10.261Z
Maserati,brand,14,1,true,5,2026-09-28T13:28:19.595Z,2026-09-09T14:17:01.481Z
Mitsubishi Mirage,model,14,1,true,3,2026-09-29T14:40:00.627Z,2026-08-30T00:58:49.112Z
Mitsubishi Pajero 2 door,model,14,1,true,2,2026-09-28T12:10:01.162Z,2026-08-31T08:51:02.754Z
Opel Astra,model,14,1,true,4,2026-09-29T06:51:59.157Z,2026-09-01T21:53:20.662Z
Saina automatic,model,14,1,true,3,2026-09-29T10:39:31.726Z,2026-09-12T02:18:31.194Z
Toyota Hilux single cabin,model,14,1,true,0,2026-09-27T12:46:24.266Z,2026-09-02T19:43:39.992Z
BMW 4 Series Convertible,model,13,1,true,2,2026-09-27T08:39:10.113Z,2026-08-31T08:46:33.559Z
BMW 6 Series Convertible,model,13,1,true,2,2026-09-29T12:46:29.932Z,2026-08-31T13:40:14.826Z
BMW X6,model,13,1,true,5,2026-09-27T10:46:50.202Z,2026-08-28T18:18:11.540Z
BMW Z4,model,13,1,true,3,2026-09-29T11:35:56.549Z,2026-09-01T12:33:55.277Z
Hyundai hyundai creta,model,13,1,true,5,2026-09-28T15:36:16.744Z,2026-08-20T16:24:08.235Z
Nissan Sylphy-normal,model,13,1,true,5,2026-09-29T13:37:47.355Z,2026-02-26T06:08:21.104Z
Renault Scala,model,13,1,true,3,2026-09-29T11:49:34.150Z,2026-09-06T05:37:06.556Z
BAIC X25,model,12,1,true,3,2026-09-28T11:44:49.523Z,2026-08-29T16:29:07.512Z
Haval M4-normal,model,12,1,true,2,2026-09-27T17:15:35.041Z,2026-09-03T16:58:25.498Z
Hyundai Centennial,model,12,1,true,1,2026-09-29T14:07:22.683Z,2026-08-30T14:27:56.678Z
Hyundai Van,model,12,1,true,3,2026-09-27T15:22:19.164Z,2026-09-08T12:06:32.231Z
Kia cadenza,model,12,1,true,3,2026-09-29T08:07:52.790Z,2026-08-31T10:24:47.333Z
MINI,brand,12,1,true,1,2026-09-27T08:24:21.996Z,2026-09-06T10:34:31.806Z
Maxmotor Tiara-normal,model,12,1,true,3,2026-09-27T09:25:00.948Z,2026-09-02T09:35:54.453Z
Mazda 2-ir,model,12,1,true,2,2026-09-29T14:23:35.565Z,2026-08-27T16:37:41.847Z
Mercedes-Benz SL Class,model,12,1,true,1,2026-09-27T07:56:31.316Z,2026-08-27T13:34:57.060Z
Mercedes-Benz Van,model,12,1,true,2,2026-09-27T08:21:07.002Z,2026-08-30T06:53:19.646Z
Nissan Qashqai-ir,model,12,1,true,9,2026-09-29T10:05:34.207Z,2026-09-13T08:51:08.811Z
Nissan Seranza,model,12,1,true,4,2026-09-29T10:06:52.785Z,2026-09-01T07:35:57.105Z
Nissan Terra Leo mx8 2.0L Turbo,model,12,1,true,3,2026-09-29T12:44:14.926Z,2026-09-01T10:57:33.406Z
SsangYong new-korando,model,12,1,true,4,2026-09-29T07:11:15.785Z,2026-09-01T13:02:34.862Z
Toyota Corona,model,12,1,true,2,2026-09-29T08:37:50.745Z,2026-09-03T07:04:52.022Z
Toyota GT86,model,12,1,true,5,2026-09-27T09:27:47.762Z,2026-07-30T20:38:20.133Z
Toyota Landcruiser 2door,model,12,1,true,0,2026-09-25T15:16:00.002Z,2026-09-02T03:45:46.477Z
Toyota Pickup,model,12,1,true,0,2026-09-26T14:58:37.080Z,2026-09-05T13:27:11.957Z
Volvo XC60,model,12,1,true,1,2026-09-29T14:44:32.769Z,2026-09-01T15:27:19.706Z
AVENTRA,brand,11,1,true,3,2026-09-29T08:42:14.137Z,2026-09-18T04:43:51.579Z
Avatr 07 Erev,model,11,1,true,4,2026-09-28T12:53:39.748Z,2026-09-09T07:57:10.356Z
BAIC Beijing X55,model,11,1,true,3,2026-09-28T18:05:18.569Z,2026-09-02T20:10:47.484Z
Dacia,brand,11,1,true,2,2026-09-29T10:48:45.369Z,2026-09-02T13:33:14.500Z
Geely Emgrand 7_RV,model,11,1,true,8,2026-09-29T13:25:04.824Z,2026-09-09T09:08:12.433Z
Honda CR-V,model,11,1,true,3,2026-09-29T10:05:12.050Z,2026-08-12T08:36:37.091Z
Hyundai Palisade,model,11,1,true,5,2026-09-26T13:55:20.219Z,2026-09-10T08:35:31.821Z
Kia EV5,model,11,1,true,6,2026-09-29T13:02:46.861Z,2026-09-08T06:51:35.976Z
Mercedes-Benz G Class,model,11,1,true,2,2026-09-26T13:08:08.871Z,2026-09-02T07:39:30.283Z
Nissan Pathfinder,model,11,1,true,5,2026-09-29T11:44:39.342Z,2026-09-11T16:32:02.764Z
Quick GXH,model,11,1,true,4,2026-09-29T09:30:01.463Z,2026-08-09T07:17:42.428Z
Renault Safrane,model,11,1,true,3,2026-09-29T06:23:03.484Z,2026-09-01T16:25:33.693Z
Volvo S90,model,11,1,true,6,2026-09-28T07:54:16.997Z,2026-09-06T10:25:04.464Z
Zamyad Shooka,model,11,1,true,3,2026-09-29T06:30:21.299Z,2026-08-30T07:39:41.864Z
Zamyad Z28,model,11,1,true,4,2026-09-28T16:15:43.519Z,2026-09-06T09:13:01.770Z
Zamyad Zagros,model,11,1,true,2,2026-09-29T11:59:34.371Z,2026-09-03T17:22:29.007Z
Great-Wall Pickup Wingle 5-double cabin,model,10,1,true,2,2026-09-29T14:19:11.375Z,2026-09-03T20:57:30.957Z
Hanteng,brand,10,1,true,2,2026-09-28T11:36:55.583Z,2026-09-02T15:28:11.777Z
Narvan Personal,model,10,1,true,3,2026-09-28T19:46:27.610Z,2026-09-05T19:12:48.116Z
Opel Mokka,model,10,1,true,1,2026-09-29T09:20:47.966Z,2026-05-14T07:26:56.050Z
Opel Mokka 1.2L Turbo,model,10,1,true,1,2026-09-29T09:20:47.966Z,2026-05-14T07:26:56.050Z
Saipa Karvan Saipa,model,10,1,true,2,2026-09-27T14:37:39.030Z,2026-09-03T12:31:05.611Z
Suzuki Fronx GLX,model,10,1,true,2,2026-09-29T10:20:28.351Z,2026-09-08T08:43:57.980Z
Volkswagen Jetta VS5,model,10,1,true,1,2026-09-29T08:34:34.854Z,2026-09-03T09:51:44.969Z
BMW 1 Series Hatchback,model,9,1,true,5,2026-09-29T11:49:17.591Z,2026-09-07T06:42:23.926Z
Changan Cs 35 2,model,9,1,true,4,2026-09-29T11:37:08.484Z,2026-08-30T07:02:11.179Z
Citroen New C5,model,9,1,true,1,2026-09-28T14:28:14.842Z,2026-09-02T12:00:46.516Z
DS 6,model,9,1,true,1,2026-09-28T11:46:08.625Z,2026-09-05T08:20:47.841Z
Honda City,model,9,1,true,1,2026-09-29T09:27:57.142Z,2026-09-19T07:18:00.473Z
Kia carens,model,9,1,true,2,2026-09-29T11:12:35.086Z,2026-09-02T10:53:17.209Z
MG ZS,model,9,1,true,0,2026-09-25T16:20:49.421Z,2026-09-21T12:18:24.646Z
Mercedes-Benz Classic,model,9,1,true,3,2026-09-28T02:35:46.770Z,2026-09-01T12:42:01.529Z
Mercedes-Benz GLE Class,model,9,1,true,1,2026-09-26T14:06:11.204Z,2026-09-06T17:52:38.723Z
Porsche Boxster,model,9,1,true,1,2026-09-27T15:34:33.760Z,2026-08-02T14:54:45.961Z
Renault 5-normal,model,9,1,true,4,2026-09-28T12:48:23.385Z,2026-08-30T09:21:25.093Z
Renault Arkana XM3,model,9,1,true,1,2026-09-28T09:52:14.932Z,2026-07-08T19:39:12.977Z
Renault Latitude,model,9,1,true,3,2026-09-28T08:29:14.508Z,2026-09-02T10:00:05.673Z
SsangYong Kyron,model,9,1,true,2,2026-09-26T18:41:26.329Z,2026-09-01T15:35:54.213Z
Zotye Z300-im,model,9,1,true,4,2026-09-29T07:32:59.790Z,2026-09-01T08:28:59.955Z
Škoda Superb,model,9,1,true,2,2026-09-29T10:30:53.147Z,2026-09-05T07:21:11.413Z
Ario manual-1600cc,model,8,1,true,2,2026-09-29T09:10:26.582Z,2026-09-05T06:15:20.490Z
Gac GS8,model,8,1,true,2,2026-09-29T12:26:28.174Z,2026-09-20T11:51:18.849Z
Hafei Lobo,brand,8,1,true,3,2026-09-23T12:54:20.801Z,2026-08-29T15:44:30.949Z
Hyundai Excel,model,8,1,true,0,2026-09-28T19:22:47.900Z,2026-08-30T20:09:58.931Z
Lifan X70,model,8,1,true,0,2026-09-21T14:27:43.416Z,2026-08-27T11:02:11.604Z
MG 4 EV XPOWER,model,8,1,true,2,2026-09-29T07:54:18.828Z,2026-09-16T19:50:55.619Z
Mazda 3N Hatchback-ir,model,8,1,true,0,2026-09-29T07:38:13.841Z,2026-09-03T14:28:29.361Z
Mercedes-Benz EQA 260,model,8,1,true,1,2026-09-23T06:49:13.686Z,2026-09-01T14:54:22.251Z
Mercedes-Benz GLB Class,model,8,1,true,3,2026-09-29T08:32:02.124Z,2026-09-13T10:30:20.379Z
Mercedes-Benz GLC Class,model,8,1,true,2,2026-09-27T14:08:59.787Z,2026-09-02T11:38:22.943Z
Nissan Teana-im,model,8,1,true,3,2026-09-29T07:06:18.833Z,2026-09-08T21:37:40.975Z
Nissan X-Terra,model,8,1,true,4,2026-09-23T06:57:27.601Z,2026-09-02T11:31:08.447Z
SsangYong Rexton-ir,model,8,1,true,6,2026-09-26T06:04:53.293Z,2026-08-11T10:27:05.890Z
SsangYong Rodius,model,8,1,true,2,2026-09-28T04:46:53.216Z,2026-08-31T12:27:51.223Z
Toyota Rav4 Hybrid-normal,model,8,1,true,5,2026-09-29T13:06:51.293Z,2026-09-13T06:48:58.188Z
XPENG G6,model,8,1,true,4,2026-09-26T19:18:26.577Z,2026-09-02T08:25:02.859Z
Avatr 12 Ultra Erev,model,7,1,true,0,2026-09-23T17:11:37.149Z,2026-09-05T10:10:26.916Z
BMW 4 Series Grancoupe,model,7,1,true,3,2026-09-28T10:42:39.948Z,2026-08-29T11:58:04.591Z
DS 5-normal,model,7,1,true,1,2026-09-28T14:32:18.479Z,2026-09-12T06:10:07.230Z
Dayun Y5-normal,model,7,1,true,2,2026-09-29T06:34:52.351Z,2026-09-05T06:19:39.211Z
Ford,brand,7,1,true,0,2026-09-28T17:10:22.431Z,2026-09-07T08:39:31.210Z
Honda ZR-V Hybrid,model,7,1,true,1,2026-09-29T09:51:19.776Z,2026-08-31T05:11:41.911Z
Hyundai i40-normal,model,7,1,true,1,2026-09-28T04:16:20.810Z,2026-09-01T11:46:03.655Z
JAC J3 Sedan,model,7,1,true,2,2026-09-29T13:30:41.503Z,2026-08-31T19:19:00.927Z
KG Mobility,brand,7,1,true,3,2026-09-23T08:54:20.356Z,2026-09-10T07:45:07.223Z
Kia K5-normal,model,7,1,true,3,2026-09-28T07:15:00.225Z,2026-09-09T09:01:43.912Z
Lifan 520i,model,7,1,true,1,2026-09-28T16:27:45.023Z,2026-09-07T01:41:12.780Z
MG 350,model,7,1,true,0,2026-09-28T11:12:43.804Z,2026-09-01T10:56:59.077Z
Maxus,brand,7,1,true,3,2026-09-27T07:53:27.141Z,2026-09-01T10:06:53.737Z
SsangYong Chairman,model,7,1,true,0,2026-09-27T12:14:30.509Z,2026-09-06T14:36:30.387Z
Venucia Star,model,7,1,true,3,2026-09-29T10:31:41.409Z,2026-07-08T07:56:49.964Z
Zamyad Z 28,model,7,1,true,3,2026-09-28T13:24:48.082Z,2026-09-07T04:17:30.740Z
Škoda Octavia,model,7,1,true,1,2026-09-27T14:41:59.248Z,2026-09-12T08:50:04.412Z
Alfa Romeo MiTo,model,6,1,true,1,2026-09-29T08:20:25.278Z,2026-09-02T15:38:43.754Z
BMW 4 Series Coupe,model,6,1,true,2,2026-09-29T07:42:21.187Z,2026-09-05T15:03:03.863Z
BMW 6 Series Coupe,model,6,1,true,0,2026-09-29T06:32:40.685Z,2026-09-08T16:19:12.787Z
BYD SEAL 06 DMi,model,6,1,true,4,2026-09-27T06:56:07.496Z,2026-09-05T18:52:29.412Z
Borgward,brand,6,1,true,0,2026-09-27T16:05:18.288Z,2026-08-29T17:08:41.429Z
Brilliance Van,model,6,1,true,2,2026-09-23T16:22:44.213Z,2026-09-01T11:00:07.316Z
Capra B-normal,model,6,1,true,2,2026-09-29T11:08:07.121Z,2026-09-06T06:34:36.403Z
Isuzu,brand,6,1,true,1,2026-09-28T13:26:54.132Z,2026-08-30T21:08:17.163Z
Kia Seltos Turbo,model,6,1,true,0,2026-09-28T10:53:51.626Z,2026-09-05T14:17:02.622Z
Lexus CT,model,6,1,true,3,2026-09-26T07:27:40.332Z,2026-08-31T06:53:21.212Z
Mercedes-Benz CLA Class,model,6,1,true,3,2026-09-29T06:48:54.884Z,2026-08-29T09:45:36.885Z
Mercedes-Benz GLA Class,model,6,1,true,0,2026-09-29T11:46:40.351Z,2026-08-20T06:53:45.274Z
Mitsubishi Pajero-ir,model,6,1,true,1,2026-09-28T19:13:18.128Z,2026-09-13T10:37:35.591Z
Nissan NX8,model,6,1,true,3,2026-09-26T09:49:16.027Z,2026-09-18T13:54:36.033Z
Nissan Sunny,model,6,1,true,2,2026-09-28T07:23:38.410Z,2026-08-30T12:33:23.471Z
Nissan X trail,model,6,1,true,2,2026-09-26T14:16:44.328Z,2026-09-01T07:54:47.601Z
Sinad,brand,6,1,true,1,2026-09-26T19:40:07.331Z,2026-09-11T12:33:47.888Z
Toyota Rav4 2.5L Fwd,model,6,1,true,3,2026-09-27T09:30:14.894Z,2026-08-11T10:30:30.282Z
Venucia Big V,model,6,1,true,2,2026-09-29T10:32:17.330Z,2026-09-12T11:27:40.048Z
BAIC Sabrina-ir,model,5,1,true,1,2026-09-28T17:52:37.981Z,2026-09-01T06:16:32.565Z
BISU,brand,5,1,true,2,2026-09-29T08:30:21.666Z,2026-09-22T12:05:28.750Z
BMW 1 Series Convertible,model,5,1,true,2,2026-09-29T13:06:45.305Z,2026-09-06T14:03:19.074Z
BMW 2 Series Activetourer,model,5,1,true,3,2026-09-28T07:31:32.991Z,2026-08-31T18:56:44.416Z
BMW 3 Series Coupe,model,5,1,true,2,2026-09-21T21:34:26.922Z,2026-09-05T13:35:07.490Z
BMW i5,model,5,1,true,2,2026-09-27T07:19:27.193Z,2026-09-02T09:17:45.752Z
Capra U double cabin 2.4L AT,model,5,1,true,1,2026-09-28T05:50:16.126Z,2026-09-12T12:39:47.188Z
Changan Hunter Plus pick-up,model,5,1,true,1,2026-09-24T14:37:33.246Z,2026-09-17T11:12:27.230Z
Chery Queen,model,5,1,true,2,2026-09-26T16:53:04.220Z,2026-09-03T09:24:39.987Z
DS 5LS,model,5,1,true,3,2026-09-29T08:22:48.291Z,2026-08-31T12:57:42.278Z
Geely GX3 PRO,model,5,1,true,4,2026-09-29T09:01:39.071Z,2026-05-30T06:24:04.871Z
Haval H6-ir,model,5,1,true,4,2026-09-29T11:11:11.188Z,2026-09-05T11:40:28.614Z
Hyundai Elantra-ir,model,5,1,true,3,2026-09-27T08:59:46.687Z,2026-09-02T07:56:33.752Z
KMC JS6,model,5,1,true,5,2026-09-28T08:51:45.310Z,2026-08-16T08:35:38.589Z
Kia carnival,model,5,1,true,0,2026-09-28T13:21:04.773Z,2026-09-12T13:04:12.260Z
Land Rover ir,model,5,1,true,1,2026-09-20T07:48:37.781Z,2026-08-31T20:06:20.273Z
Leapmotor,brand,5,1,true,2,2026-09-27T15:12:41.462Z,2026-09-05T13:00:00.235Z
Mazda CX-50-normal,model,5,1,true,1,2026-09-29T07:45:27.675Z,2026-09-13T19:12:18.222Z
Mitsubishi Pickup,model,5,1,true,2,2026-09-29T08:42:43.392Z,2026-08-29T18:48:35.659Z
Mitsubishi Van,model,5,1,true,1,2026-09-29T14:31:14.858Z,2026-09-01T09:00:51.080Z
Nammi,brand,5,1,true,2,2026-09-29T08:09:14.032Z,2026-09-21T16:31:49.852Z
Nissan Magnite,model,5,1,true,0,2026-09-24T07:12:46.988Z,2026-09-13T08:45:16.730Z
Opel Vectra,model,5,1,true,1,2026-09-29T10:28:07.622Z,2026-09-02T11:37:41.530Z
Peugeot 504,model,5,1,true,0,2026-09-28T05:07:51.906Z,2026-09-11T09:47:31.909Z
Pride Automatic,model,5,1,true,1,2026-09-28T08:55:49.804Z,2026-09-20T06:31:06.017Z
Proton Impian,model,5,1,true,1,2026-09-27T20:32:54.217Z,2026-09-04T07:56:19.594Z
Rayen R3,model,5,1,true,1,2026-09-27T09:07:50.525Z,2026-09-09T16:37:25.224Z
Saina GXL-normal,model,5,1,true,5,2026-09-29T13:31:34.389Z,2026-09-16T09:03:50.612Z
Saipa Atlas E Plus,model,5,1,true,2,2026-09-29T09:47:39.316Z,2026-06-10T06:57:18.379Z
Samand Sarir,model,5,1,true,1,2026-09-25T14:49:38.704Z,2026-09-06T11:18:23.851Z
SsangYong Khan,model,5,1,true,0,2026-09-27T20:38:32.455Z,2026-09-06T11:32:40.375Z
Subaru,brand,5,1,true,2,2026-09-26T17:22:46.668Z,2026-09-04T07:14:50.810Z
Suzuki Kizashi,model,5,1,true,1,2026-09-24T07:30:36.762Z,2026-08-02T18:53:15.789Z
Toyota Solara,model,5,1,true,1,2026-09-29T07:33:52.456Z,2026-09-06T09:40:53.439Z
Audi E7X,model,4,1,true,2,2026-09-29T10:37:38.143Z,2026-09-16T12:31:02.868Z
BMW Classic,model,4,1,true,3,2026-09-29T05:43:30.545Z,2026-09-19T05:50:21.521Z
Capra Single-cabin,model,4,1,true,3,2026-09-28T08:00:26.829Z,2026-09-16T12:17:15.218Z
Chery Viana A15,model,4,1,true,1,2026-09-26T15:52:39.529Z,2026-09-06T12:22:03.337Z
DS crossback-7,model,4,1,true,2,2026-09-21T12:37:05.628Z,2026-08-23T16:21:40.886Z
Dayun Y5 Plus,model,4,1,true,0,2026-09-29T10:21:30.567Z,2026-08-30T15:32:50.298Z
Dodge,brand,4,1,true,1,2026-09-16T11:54:47.993Z,2026-09-06T09:11:40.775Z
Domy,brand,4,1,true,0,2026-09-24T08:49:58.498Z,2026-08-17T14:24:06.097Z
Foton Sauvana,model,4,1,true,0,2026-09-26T19:18:59.416Z,2026-09-05T08:51:14.136Z
GAC Gonow,brand,4,1,true,0,2026-09-25T00:46:51.875Z,2026-09-01T12:02:44.810Z
Gac E9 Plugin Hybrid 2.0L Turbo,model,4,1,true,4,2026-09-29T11:49:43.516Z,2026-09-23T06:08:19.714Z
Great-Wall Pickup Wingle 3,model,4,1,true,0,2026-09-27T13:03:48.007Z,2026-09-15T07:20:43.619Z
MVM M5 Pro,model,4,1,true,2,2026-09-26T06:57:09.270Z,2026-09-06T08:20:17.232Z
Mars,brand,4,1,true,2,2026-09-21T05:55:21.403Z,2026-09-06T10:33:59.062Z
Mercedes-Benz ML Class,model,4,1,true,1,2026-09-28T09:15:04.733Z,2026-09-18T09:49:19.373Z
Opel Omega,model,4,1,true,1,2026-09-28T13:27:29.569Z,2026-09-13T17:47:01.762Z
Peugeot 301,model,4,1,true,0,2026-09-23T20:26:42.005Z,2026-09-09T16:31:22.724Z
Toyota Carina,model,4,1,true,0,2026-09-29T12:32:31.456Z,2026-09-24T21:31:03.321Z
Venucia V-Online 1.5L Turbo,model,4,1,true,1,2026-09-28T06:00:23.776Z,2026-08-03T14:18:20.517Z
Volkswagen Caddy,model,4,1,true,0,2026-09-28T19:13:33.895Z,2026-08-31T09:26:38.777Z
Volvo C30,model,4,1,true,0,2026-09-23T11:03:33.372Z,2026-08-30T19:09:40.661Z
XPENG G9,model,4,1,true,2,2026-09-14T10:13:05.421Z,2026-09-07T10:43:32.127Z
XPENG G9 AWD,model,4,1,true,2,2026-09-14T10:13:05.421Z,2026-09-07T10:43:32.127Z
Audi TT,model,3,1,true,1,2026-09-29T07:02:12.811Z,2026-09-13T06:54:08.588Z
BAIC Senova,model,3,1,true,0,2026-09-28T11:19:05.508Z,2026-09-27T11:09:15.793Z
BMW 2 Series Coupe,model,3,1,true,0,2026-09-29T06:51:07.596Z,2026-09-03T10:33:45.329Z
Brilliance V5,model,3,1,true,1,2026-09-24T11:44:53.415Z,2026-09-04T21:58:33.158Z
Capra Capra 2,model,3,1,true,1,2026-09-29T06:16:29.635Z,2026-09-21T12:24:28.507Z
Capra U-normal,model,3,1,true,1,2026-09-27T07:05:51.107Z,2026-08-27T06:07:59.379Z
DS 3,model,3,1,true,0,2026-09-26T16:38:51.372Z,2026-09-13T06:53:41.922Z
Farda SX5 PLUS,model,3,1,true,1,2026-09-28T19:30:45.203Z,2026-09-26T08:21:24.157Z
Hyosow,brand,3,1,true,0,2026-09-28T08:00:01.867Z,2026-08-30T11:25:21.479Z
JMC,brand,3,1,true,0,2026-09-24T07:47:18.980Z,2026-09-08T13:58:04.207Z
Jeep KM,model,3,1,true,0,2026-09-21T04:27:01.672Z,2026-09-12T17:43:19.499Z
Jeep Shahbaz,model,3,1,true,1,2026-09-25T05:53:02.845Z,2026-09-06T13:24:57.859Z
Kia K3 GT line,model,3,1,true,0,2026-09-22T07:01:55.161Z,2026-09-16T06:49:39.537Z
Kia Stonic,model,3,1,true,0,2026-09-22T18:45:43.462Z,2026-09-03T07:16:06.644Z
Mercedes-Benz A180,model,3,1,true,2,2026-09-21T05:53:09.982Z,2026-07-30T05:21:54.157Z
Mercedes-Benz CLK Class convertible,model,3,1,true,0,2026-09-07T19:52:50.347Z,2026-09-06T15:31:52.520Z
Nissan Armada,model,3,1,true,2,2026-09-22T13:11:52.885Z,2026-09-17T07:07:39.921Z
Nissan KICKS 1.6L,model,3,1,true,0,2026-09-29T11:48:38.773Z,2026-09-03T18:44:10.125Z
Nissan N7,model,3,1,true,2,2026-09-29T08:23:41.681Z,2026-09-17T08:44:58.326Z
Peugeot 205,model,3,1,true,1,2026-09-22T19:35:38.778Z,2026-08-31T13:08:18.292Z
Pride Station,model,3,1,true,0,2026-09-19T07:52:03.588Z,2026-09-11T15:09:08.059Z
Renault 21,model,3,1,true,0,2026-09-28T12:22:30.947Z,2026-09-12T10:14:02.188Z
SKYWELL,brand,3,1,true,0,2026-09-23T17:46:23.459Z,2026-09-04T12:57:58.803Z
Saina S,model,3,1,true,1,2026-09-20T13:59:16.156Z,2026-09-11T12:57:48.525Z
Suzuki Swift,model,3,1,true,1,2026-09-26T06:53:23.713Z,2026-07-19T08:39:08.316Z
Tigard L7 PLUS,model,3,1,true,1,2026-09-28T05:36:34.473Z,2026-09-08T07:24:43.211Z
Toyota Avalon Hybrid 2.5L,model,3,1,true,0,2026-09-20T10:45:58.224Z,2026-07-12T12:55:18.911Z
Toyota Crown,model,3,1,true,1,2026-09-25T11:03:47.564Z,2026-09-11T08:19:08.677Z
Volvo C70,model,3,1,true,1,2026-09-28T10:10:15.907Z,2026-09-18T16:41:44.020Z
Volvo V40,model,3,1,true,0,2026-09-27T06:54:14.497Z,2026-09-19T06:07:33.062Z
Alfa Romeo 4C,model,2,1,true,1,2026-09-27T08:02:23.741Z,2026-09-26T08:01:15.957Z
BMW 2002,model,2,1,true,0,2026-09-20T15:48:03.436Z,2026-09-03T08:09:54.909Z
BMW 3 Series GT,model,2,1,true,1,2026-09-26T14:18:20.234Z,2026-09-21T16:58:35.484Z
BMW X5,model,2,1,true,1,2026-09-26T11:22:07.785Z,2026-09-24T11:25:27.549Z
BMW i8,model,2,1,true,0,2026-09-28T11:42:22.581Z,2026-09-12T13:13:24.454Z
Gac Trumpchi,model,2,1,true,1,2026-09-24T19:26:44.950Z,2026-08-31T06:14:09.344Z
Gaz,brand,2,1,true,0,2026-09-28T19:04:55.885Z,2026-09-11T18:50:50.290Z
Great-Wall Pickup Wingle 5-single cabin,model,2,1,true,1,2026-09-28T13:27:38.380Z,2026-09-09T05:49:56.114Z
Hyundai Trajet,model,2,1,true,0,2026-09-22T16:49:32.146Z,2026-09-21T09:29:13.238Z
Hyundai i40 Station,model,2,1,true,0,2026-09-22T11:57:20.542Z,2026-09-22T06:01:31.431Z
Jeep Ahoo,model,2,1,true,0,2026-09-23T14:30:55.967Z,2026-09-09T16:23:06.530Z
Kia Optima-hybrid,model,2,1,true,0,2026-09-21T14:57:35.827Z,2026-09-21T12:06:03.916Z
Kia Seltos 1.5L,model,2,1,true,0,2026-09-22T08:41:32.286Z,2026-09-20T10:02:07.475Z
Kia Sonet,model,2,1,true,1,2026-09-18T12:22:11.130Z,2026-09-12T09:07:26.401Z
Kia Van,model,2,1,true,0,2026-09-13T09:16:59.949Z,2026-09-06T09:15:59.244Z
Lexus LS,model,2,1,true,0,2026-09-28T10:49:15.309Z,2026-09-08T11:30:53.828Z
MG RX5,model,2,1,true,0,2026-09-26T10:24:15.021Z,2026-09-17T07:26:33.421Z
Maxmotor Tiam 1.5L,model,2,1,true,1,2026-09-26T06:25:45.085Z,2026-09-05T05:26:25.839Z
Maxmotor Tiara prime,model,2,1,true,0,2026-09-26T11:32:32.646Z,2026-09-19T19:13:26.437Z
Mercedes-Benz B Class,model,2,1,true,0,2026-09-08T10:28:51.872Z,2026-09-05T22:32:52.745Z
Mercedes-Benz CL Class,model,2,1,true,1,2026-09-27T06:47:31.542Z,2026-09-01T17:31:42.275Z
Mercedes-Benz E Class-ir,model,2,1,true,0,2026-09-16T16:35:25.753Z,2026-09-12T11:52:58.905Z
Mercedes-Benz GL Class,model,2,1,true,0,2026-09-20T06:41:11.079Z,2026-09-01T06:51:52.153Z
Mercedes-Benz GLS Class,model,2,1,true,0,2026-09-17T11:59:52.132Z,2026-09-10T08:13:46.880Z
Mercedes-Benz GTS,model,2,1,true,0,2026-09-24T02:58:00.749Z,2026-09-13T13:13:36.883Z
Nissan KICKS-normal,model,2,1,true,0,2026-09-05T06:22:30.572Z,2026-08-30T17:15:13.560Z
Nissan Terra Pickup,model,2,1,true,0,2026-09-29T10:59:53.377Z,2026-08-30T11:35:36.858Z
Oldsmobile,brand,2,1,true,0,2026-09-07T17:40:07.012Z,2026-09-01T05:01:18.782Z
Paykan Bi-fuel(LPG),model,2,1,true,0,2026-09-21T14:06:42.343Z,2026-09-19T14:19:34.608Z
Pazhan Herour,model,2,1,true,0,2026-09-21T10:38:25.341Z,2026-09-07T14:33:13.844Z
Renault 5-ir,model,2,1,true,0,2026-09-06T14:16:43.679Z,2026-08-31T10:02:13.337Z
Toyota 4runner,model,2,1,true,0,2026-09-15T16:48:40.711Z,2026-08-31T11:46:51.584Z
Toyota Furtuner,model,2,1,true,1,2026-09-28T06:46:05.062Z,2026-09-09T06:50:56.920Z
infiniti,brand,2,1,true,0,2026-09-12T12:25:16.018Z,2026-09-04T12:24:04.791Z
Ario manual-1500cc,model,1,1,true,0,2026-09-13T12:21:43.912Z,2026-09-13T12:21:43.912Z
Audi A4,model,1,1,true,0,2026-09-27T08:04:56.916Z,2026-09-27T08:04:56.916Z
BAIC BJ40,model,1,1,true,0,2026-09-27T06:28:33.434Z,2026-09-27T06:28:33.434Z
BMW 1 Series Coupe,model,1,1,true,0,2026-09-15T09:26:32.900Z,2026-09-15T09:26:32.900Z
BMW 2 Series Convertible,model,1,1,true,0,2026-09-16T17:43:55.347Z,2026-09-16T17:43:55.347Z
BMW 218i Grand Coupe,model,1,1,true,0,2026-09-25T09:09:34.502Z,2026-09-25T09:09:34.502Z
BMW 6 Series Grancoupe,model,1,1,true,0,2026-09-12T13:58:39.764Z,2026-09-12T13:58:39.764Z
BYD Dolphin,model,1,1,true,0,2026-09-28T07:22:16.288Z,2026-09-28T07:22:16.288Z
BYD HAN,model,1,1,true,1,2026-09-05T18:24:53.608Z,2026-09-05T18:24:53.608Z
Buick,brand,1,1,true,0,2026-09-13T08:07:12.682Z,2026-09-13T08:07:12.682Z
Changan X5 Plus,model,1,1,true,0,2026-09-27T05:28:58.138Z,2026-09-27T05:28:58.138Z
Changhe,brand,1,1,true,0,2026-09-19T05:19:38.347Z,2026-09-19T05:19:38.347Z
Citroen Jian,model,1,1,true,0,2026-09-28T14:25:32.094Z,2026-09-28T14:25:32.094Z
Datsun,brand,1,1,true,0,2026-09-07T17:57:27.154Z,2026-09-07T17:57:27.154Z
Deer,brand,1,1,true,1,2026-09-14T10:51:31.985Z,2026-09-14T10:51:31.985Z
Dongfeng S30,model,1,1,true,0,2026-09-10T16:43:41.629Z,2026-09-10T16:43:41.629Z
Dongfeng Shine Max Hybrid,model,1,1,true,1,2026-09-26T21:42:23.243Z,2026-09-26T21:42:23.243Z
Farda Sx6,model,1,1,true,0,2026-09-29T13:30:20.796Z,2026-09-29T13:30:20.796Z
Fiat R500,model,1,1,true,0,2026-08-19T13:24:19.179Z,2026-08-19T13:24:19.179Z
Haval H8,model,1,1,true,0,2026-09-07T14:15:57.904Z,2026-09-07T14:15:57.904Z
Hummer,brand,1,1,true,0,2026-09-11T20:31:15.917Z,2026-09-11T20:31:15.917Z
JAC Van,model,1,1,true,0,2026-09-20T09:56:17.320Z,2026-09-20T09:56:17.320Z
Jeep Pickup,model,1,1,true,1,2026-09-26T11:19:18.205Z,2026-09-26T11:19:18.205Z
Joylong,brand,1,1,true,0,2026-09-07T12:36:02.911Z,2026-09-07T12:36:02.911Z
Kia Seltos-normal,model,1,1,true,0,2026-09-29T10:41:06.393Z,2026-09-29T10:41:06.393Z
Land Rover Discovery,model,1,1,true,1,2026-09-19T08:49:53.833Z,2026-09-19T08:49:53.833Z
Luna,brand,1,1,true,1,2026-09-25T06:43:14.539Z,2026-09-25T06:43:14.539Z
Luxgen,brand,1,1,true,0,2026-09-27T11:24:51.647Z,2026-09-27T11:24:51.647Z
Mazda 6-normal,model,1,1,true,0,2026-09-14T13:03:40.450Z,2026-09-14T13:03:40.450Z
Mercedes-Benz AMG EQE SUV,model,1,1,true,1,2026-09-22T08:59:56.026Z,2026-09-22T08:59:56.026Z
Mercedes-Benz GLK Class,model,1,1,true,0,2026-09-18T12:23:55.473Z,2026-09-18T12:23:55.473Z
Mercedes-Benz SLK Class,model,1,1,true,0,2026-09-29T08:38:59.833Z,2026-09-29T08:38:59.833Z
Nissan Sylphy Joyful,model,1,1,true,1,2026-09-26T06:04:10.164Z,2026-09-26T06:04:10.164Z
PARS KHODRO P90,model,1,1,true,0,2026-09-07T04:47:09.494Z,2026-09-07T04:47:09.494Z
Peugeot 307,model,1,1,true,1,2026-09-15T02:29:51.577Z,2026-09-15T02:29:51.577Z
Porsche 911,model,1,1,true,0,2026-09-06T11:28:15.190Z,2026-09-06T11:28:15.190Z
Qingling,brand,1,1,true,0,2026-09-02T10:07:27.955Z,2026-09-02T10:07:27.955Z
Renault Sepand,model,1,1,true,0,2026-09-02T10:52:16.803Z,2026-09-02T10:52:16.803Z
Rover,brand,1,1,true,0,2026-09-16T04:36:26.016Z,2026-09-16T04:36:26.016Z
Saipa 421P,model,1,1,true,0,2026-09-23T21:44:28.564Z,2026-09-23T21:44:28.564Z
Saipa 441P,model,1,1,true,1,2026-09-28T07:36:47.383Z,2026-09-28T07:36:47.383Z
Saipa Arya,model,1,1,true,0,2026-09-20T13:38:17.782Z,2026-09-20T13:38:17.782Z
Saipa Atlas E-normal,model,1,1,true,0,2026-09-27T11:05:26.602Z,2026-09-27T11:05:26.602Z
Sinogold,brand,1,1,true,0,2026-09-16T14:54:35.782Z,2026-09-16T14:54:35.782Z
Smart,brand,1,1,true,1,2026-09-19T14:27:02.024Z,2026-09-19T14:27:02.024Z
Soueast,brand,1,1,true,0,2026-09-04T15:53:30.271Z,2026-09-04T15:53:30.271Z
Toyota Celica,model,1,1,true,0,2026-08-30T07:58:45.912Z,2026-08-30T07:58:45.912Z
VGV,brand,1,1,true,0,2026-09-20T11:09:43.444Z,2026-09-20T11:09:43.444Z
Amg Arka,model,0,1,true,0,,
Amg Artan,model,0,1,true,0,,
Amico Araz,model,0,1,true,0,,
Audi A3L 1.5L Turbo,model,0,1,true,0,,
BAIC EU5,model,0,1,true,0,,
BMW 116i,model,0,1,true,0,,
BMW 220i Grand Coupe,model,0,1,true,0,,
BMW 318i,model,0,1,true,0,,
BMW 5 Series GT,model,0,1,true,0,,
BMW Z3,model,0,1,true,0,,
BYD F3,model,0,1,true,0,,
BYD S7,model,0,1,true,0,,
BYD SEAL 05 DMi,model,0,1,true,0,,
BYD Seagull,model,0,1,true,0,,
Bestune T99,model,0,1,true,0,,
Brilliance V6,model,0,1,true,0,,
Capra B Double-cabin,model,0,1,true,0,,
Chrysler,brand,0,1,true,0,,
Citroen Sialk,model,0,1,true,0,,
Citroen Xantia2,model,0,1,true,0,,
DS Crossback-4,model,0,1,true,0,,
Daihatsu,brand,0,1,true,0,,
Dayun DX,model,0,1,true,0,,
Dongfeng E5,model,0,1,true,0,,
Eres m7,model,0,1,true,0,,
Farda Suba M4,model,0,1,true,0,,
Fiat 500x,model,0,1,true,0,,
Fiat TIPO CROSS 1600,model,0,1,true,0,,
Fiat TIPO SEDAN 1600,model,0,1,true,0,,
Fidelity XB1,model,0,1,true,0,,
Geely BINRUI,model,0,1,true,0,,
Geely COOLRAY PLUS,model,0,1,true,0,,
Geely GEOMETRY C,model,0,1,true,0,,
Geely MONJARO,model,0,1,true,0,,
Geely PREFACE,model,0,1,true,0,,
Great-Wall Van,model,0,1,true,0,,
Haval M4-ir,model,0,1,true,0,,
Hillman,brand,0,1,true,0,,
Honda CR-X,model,0,1,true,0,,
Honda Legend,model,0,1,true,0,,
Hyundai Scoupe,model,0,1,true,0,,
Iveco,brand,0,1,true,0,,
Jaguar,brand,0,1,true,0,,
Jeep Cherokee,model,0,1,true,0,,
Jeep Mute,model,0,1,true,0,,
Jeep Renegade,model,0,1,true,0,,
Jeep Wagoneer,model,0,1,true,0,,
Jeep Wrangler,model,0,1,true,0,,
Kia Cee'd,model,0,1,true,0,,
Kia K8,model,0,1,true,0,,
Kia Pegas,model,0,1,true,0,,
Kia Q3 Sportback,model,0,1,true,0,,
Kia soul,model,0,1,true,0,,
Lada,brand,0,1,true,0,,
Lamari HIRCANI 1.6 Turbo,model,0,1,true,0,,
Lamborghini,brand,0,1,true,0,,
Land Rover Freelander,model,0,1,true,0,,
Lotus,brand,0,1,true,0,,
MG Cyberster,model,0,1,true,0,,
MG MG 7,model,0,1,true,0,,
MG Roewe D7,model,0,1,true,0,,
MG TORRES,model,0,1,true,0,,
Mazda 626,model,0,1,true,0,,
Mazda CX-50 Hybrid,model,0,1,true,0,,
Mazda CX5,model,0,1,true,0,,
Mazda CX9,model,0,1,true,0,,
Mercedes-Benz CE Class,model,0,1,true,0,,
Mercedes-Benz CLA 180,model,0,1,true,0,,
Mercedes-Benz CLK Class Coupe,model,0,1,true,0,,
Mercedes-Benz GLB 180,model,0,1,true,0,,
Mercedes-Benz GLB 200,model,0,1,true,0,,
Mercedes-Benz SLC Class,model,0,1,true,0,,
Mercedes-Benz SLR Class,model,0,1,true,0,,
Mercedes-Benz SLS Class,model,0,1,true,0,,
Mercedes-Benz Unimog,model,0,1,true,0,,
Mercedes-Benz Viano,model,0,1,true,0,,
NETA,brand,0,1,true,0,,
Nissan Tiida,model,0,1,true,0,,
Opel CROSS LAND,model,0,1,true,0,,
Opel Calibra,model,0,1,true,0,,
Opel Insignia,model,0,1,true,0,,
Peugeot 204,model,0,1,true,0,,
Peugeot 304,model,0,1,true,0,,
Peugeot 306,model,0,1,true,0,,
Peugeot 308,model,0,1,true,0,,
Peugeot 403,model,0,1,true,0,,
Peugeot 404,model,0,1,true,0,,
Peugeot 406,model,0,1,true,0,,
Peugeot 505,model,0,1,true,0,,
Peugeot 605,model,0,1,true,0,,
Peugeot 607,model,0,1,true,0,,
Peugeot 806,model,0,1,true,0,,
Peugeot Limousine,model,0,1,true,0,,
Peugeot Partner,model,0,1,true,0,,
Peugeot RCZ,model,0,1,true,0,,
Pontiac,brand,0,1,true,0,,
Porsche Cayman,model,0,1,true,0,,
Reera EV,model,0,1,true,0,,
Renault 9 GTL,model,0,1,true,0,,
Renault Clio,model,0,1,true,0,,
Renault Laguna,model,0,1,true,0,,
Renault Modus,model,0,1,true,0,,
Renault Van,model,0,1,true,0,,
Rollsroyce,brand,0,1,true,0,,
Saipa Atlas L,model,0,1,true,0,,
Seat,brand,0,1,true,0,,
Suzuki Celerio,model,0,1,true,0,,
Suzuki Dzire,model,0,1,true,0,,
Suzuki S-PRESSO,model,0,1,true,0,,
Tara V3,model,0,1,true,0,,
Tara tara EV,model,0,1,true,0,,
Toyota Echo,model,0,1,true,0,,
Toyota Supra,model,0,1,true,0,,
Venucia D 60 Plus,model,0,1,true,0,,
Venucia D60EV Plus,model,0,1,true,0,,
Volkswagen Atlas,model,0,1,true,0,,
Volkswagen Pickup,model,0,1,true,0,,
Volkswagen jetta-normal,model,0,1,true,0,,
Volvo XC40,model,0,1,true,0,,
Zamyad Dorka,model,0,1,true,0,,
